DATE,PRCP,TAVG
2010-01-01,0.0,0.8
2010-01-02,0.0,1.8
2010-01-03,0.0,0.4
2010-01-04,0.0,-2.8
2010-01-05,0.3,-1.3
2010-01-06,1.5,-0.1
2010-01-07,3.0,-2.3
2010-01-08,1.0,-1.4
2010-01-09,0.3,-1.2
2010-01-10,0.0,1.4
2010-01-11,1.5,0.7
2010-01-12,1.5,1.2
2010-01-13,0.0,0.6
2010-01-14,3.6,2.2
2010-01-15,5.1,3.7
2010-01-16,0.5,6.0
2010-01-17,10.2,5.1
2010-01-18,0.5,4.7
2010-01-19,0.0,6.5
2010-01-20,0.0,3.4
2010-01-21,4.8,4.0
2010-01-22,0.8,7.4
2010-01-23,5.3,5.9
2010-01-24,0.0,4.3
2010-01-25,1.5,3.6
2010-01-26,1.5,1.3
2010-01-27,0.0,1.9
2010-01-28,0.5,5.5
2010-01-29,6.6,3.7
2010-01-30,2.3,0.5
2010-01-31,0.0,0.2
2010-02-01,0.0,1.5
2010-02-02,0.5,5.8
2010-02-03,1.3,4.6
2010-02-04,0.5,7.6
2010-02-05,4.3,7.2
2010-02-06,0.5,5.1
2010-02-07,0.0,4.1
2010-02-08,0.5,1.7
2010-02-09,0.5,2.2
2010-02-10,0.3,1.6
2010-02-11,0.0,1.3
2010-02-12,0.5,2.9
2010-02-13,0.5,2.4
2010-02-14,0.0,3.0
2010-02-15,0.3,1.8
2010-02-16,0.5,4.1
2010-02-17,24.6,4.1
2010-02-18,0.0,3.0
2010-02-19,8.9,2.5
2010-02-20,0.3,1.2
2010-02-21,0.3,3.3
2010-02-22,9.1,3.3
2010-02-23,7.1,3.1
2010-02-24,3.3,7.4
2010-02-25,4.8,7.7
2010-02-26,6.9,6.2
2010-02-27,0.5,7.4
2010-02-28,13.5,5.6
2010-03-01,11.4,4.7
2010-03-02,0.3,4.9
2010-03-03,0.0,4.0
2010-03-04,0.0,3.9
2010-03-05,0.0,3.1
2010-03-06,0.0,4.1
2010-03-07,0.0,0.9
2010-03-08,0.0,2.5
2010-03-09,0.0,5.1
2010-03-10,0.0,4.1
2010-03-11,0.0,4.2
2010-03-12,0.0,5.3
2010-03-13,2.3,6.5
2010-03-14,0.0,8.4
2010-03-15,0.0,7.8
2010-03-16,0.0,7.1
2010-03-17,0.0,8.8
2010-03-18,0.0,10.8
2010-03-19,1.3,10.7
2010-03-20,5.1,11.8
2010-03-21,4.3,9.1
2010-03-22,0.0,8.6
2010-03-23,1.0,7.6
2010-03-24,1.3,11.9
2010-03-25,5.1,11.4
2010-03-26,4.3,9.7
2010-03-27,0.8,9.7
2010-03-28,0.0,9.0
2010-03-29,3.8,10.0
2010-03-30,3.8,8.4
2010-03-31,6.1,4.9
2010-04-01,1.3,5.6
2010-04-02,3.3,7.4
2010-04-03,9.1,7.7
2010-04-04,1.5,7.8
2010-04-05,0.5,8.9
2010-04-06,0.0,11.6
2010-04-07,0.0,9.7
2010-04-08,0.5,10.7
2010-04-09,0.0,12.4
2010-04-10,0.0,11.9
2010-04-11,0.0,9.4
2010-04-12,0.0,9.4
2010-04-13,0.0,9.3
2010-04-14,0.0,8.7
2010-04-15,0.0,8.7
2010-04-16,0.0,8.8
2010-04-17,0.0,9.8
2010-04-18,0.0,11.3
2010-04-19,0.0,11.6
2010-04-20,0.0,9.8
2010-04-21,0.0,7.9
2010-04-22,0.0,9.0
2010-04-23,0.0,10.8
2010-04-24,0.0,13.1
2010-04-25,0.0,13.3
2010-04-26,1.5,12.8
2010-04-27,0.0,14.2
2010-04-28,0.0,14.9
2010-04-29,0.0,14.1
2010-04-30,4.1,11.7
2010-05-01,2.8,12.1
2010-05-02,0.5,8.4
2010-05-03,9.4,7.8
2010-05-04,0.5,7.7
2010-05-05,0.0,10.2
2010-05-06,0.0,11.1
2010-05-07,0.0,9.1
2010-05-08,0.3,8.2
2010-05-09,0.8,8.9
2010-05-10,0.5,9.1
2010-05-11,0.0,7.3
2010-05-12,0.0,7.3
2010-05-13,0.0,8.6
2010-05-14,0.0,10.2
2010-05-15,0.0,12.3
2010-05-16,0.0,11.1
2010-05-17,3.8,12.5
2010-05-18,0.0,13.4
2010-05-19,0.0,14.9
2010-05-20,0.0,16.5
2010-05-21,0.0,19.1
2010-05-22,0.0,17.5
2010-05-23,0.0,20.3
2010-05-24,0.0,21.1
2010-05-25,0.0,15.4
2010-05-26,0.0,13.2
2010-05-27,2.5,12.8
2010-05-28,0.3,13.9
2010-05-29,0.0,13.2
2010-05-30,2.3,15.1
2010-05-31,0.0,13.4
2010-06-01,0.0,12.9
2010-06-02,1.8,16.3
2010-06-03,0.0,16.9
2010-06-04,0.0,19.5
2010-06-05,0.0,21.4
2010-06-06,0.5,18.4
2010-06-07,0.3,15.6
2010-06-08,0.0,15.4
2010-06-09,2.5,16.8
2010-06-10,0.0,15.8
2010-06-11,0.3,15.4
2010-06-12,0.0,15.3
2010-06-13,0.0,16.0
2010-06-14,0.5,15.3
2010-06-15,0.3,13.9
2010-06-16,0.0,14.6
2010-06-17,0.0,16.5
2010-06-18,0.0,14.6
2010-06-19,0.8,12.6
2010-06-20,0.0,13.7
2010-06-21,0.0,19.0
2010-06-22,0.0,20.9
2010-06-23,0.0,20.9
2010-06-24,0.0,20.4
2010-06-25,0.0,21.1
2010-06-26,0.0,21.5
2010-06-27,0.0,22.7
2010-06-28,0.0,22.2
2010-06-29,0.0,21.5
2010-06-30,0.5,20.5
2010-07-01,0.0,20.2
2010-07-02,0.0,21.8
2010-07-03,0.3,20.6
2010-07-04,0.0,18.7
2010-07-05,0.0,19.0
2010-07-06,0.0,17.9
2010-07-07,0.0,18.9
2010-07-08,0.0,20.8
2010-07-09,0.0,22.9
2010-07-10,0.0,22.3
2010-07-11,0.0,21.3
2010-07-12,0.0,19.3
2010-07-13,1.0,17.2
2010-07-14,1.0,18.2
2010-07-15,6.6,17.8
2010-07-16,0.0,17.4
2010-07-17,0.0,17.1
2010-07-18,,18.2
2010-07-19,0.0,21.8
2010-07-20,0.0,22.6
2010-07-21,0.0,19.9
2010-07-22,0.0,17.1
2010-07-23,6.1,17.1
2010-07-24,0.0,19.1
2010-07-25,0.0,20.3
2010-07-26,0.0,20.3
2010-07-27,0.0,20.8
2010-07-28,0.0,19.1
2010-07-29,0.0,17.9
2010-07-30,0.0,17.6
2010-07-31,2.0,19.7
2010-08-01,0.0,18.8
2010-08-02,0.0,18.8
2010-08-03,0.0,17.7
2010-08-04,3.0,16.4
2010-08-05,0.0,16.6
2010-08-06,0.3,17.0
2010-08-07,0.0,18.3
2010-08-08,1.0,19.1
2010-08-09,0.0,19.1
2010-08-10,6.6,16.8
2010-08-11,2.0,16.7
2010-08-12,0.0,15.2
2010-08-13,2.3,14.1
2010-08-14,4.8,14.6
2010-08-15,12.7,17.7
2010-08-16,0.0,17.9
2010-08-17,0.5,17.4
2010-08-18,0.0,16.6
2010-08-19,0.5,16.9
2010-08-20,0.0,19.2
2010-08-21,0.0,20.5
2010-08-22,0.0,19.6
2010-08-23,21.1,17.8
2010-08-24,0.5,15.7
2010-08-25,7.9,14.0
2010-08-26,18.5,17.6
2010-08-27,8.4,14.5
2010-08-28,1.5,15.2
2010-08-29,0.0,14.7
2010-08-30,2.0,13.8
2010-08-31,0.0,14.9
2010-09-01,0.0,15.3
2010-09-02,0.0,15.5
2010-09-03,0.0,16.5
2010-09-04,0.0,16.1
2010-09-05,0.0,16.6
2010-09-06,0.3,16.5
2010-09-07,0.0,15.9
2010-09-08,1.5,15.9
2010-09-09,0.0,16.2
2010-09-10,0.3,17.7
2010-09-11,0.0,18.1
2010-09-12,0.3,15.1
2010-09-13,0.0,14.8
2010-09-14,0.8,16.9
2010-09-15,2.8,13.3
2010-09-16,0.3,13.9
2010-09-17,0.0,11.3
2010-09-18,0.0,11.9
2010-09-19,0.0,14.7
2010-09-20,0.0,17.3
2010-09-21,0.0,15.7
2010-09-22,0.0,16.7
2010-09-23,,15.2
2010-09-24,10.9,11.7
2010-09-25,2.3,9.4
2010-09-26,0.0,10.4
2010-09-27,1.3,13.3
2010-09-28,0.5,14.8
2010-09-29,0.3,14.4
2010-09-30,9.4,12.0
2010-10-01,0.3,14.4
2010-10-02,11.9,12.8
2010-10-03,21.8,15.2
2010-10-04,2.5,13.9
2010-10-05,1.5,15.3
2010-10-06,0.0,14.4
2010-10-07,3.0,13.6
2010-10-08,0.0,16.9
2010-10-09,0.0,16.0
2010-10-10,0.0,15.7
2010-10-11,0.0,13.8
2010-10-12,0.0,12.1
2010-10-13,0.0,10.9
2010-10-14,0.0,10.4
2010-10-15,0.0,10.7
2010-10-16,1.5,9.1
2010-10-17,0.0,8.0
2010-10-18,,9.4
2010-10-19,5.1,9.4
2010-10-20,0.0,5.2
2010-10-21,0.0,6.2
2010-10-22,0.3,8.7
2010-10-23,0.0,10.0
2010-10-24,0.3,6.4
2010-10-25,0.0,5.3
2010-10-26,0.0,8.8
2010-10-27,4.3,13.7
2010-10-28,0.3,13.1
2010-10-29,0.0,12.8
2010-10-30,5.1,11.3
2010-10-31,4.1,11.1
2010-11-01,,10.5
2010-11-02,0.5,13.3
2010-11-03,0.0,14.8
2010-11-04,0.0,16.2
2010-11-05,,15.1
2010-11-06,6.6,9.1
2010-11-07,0.0,6.1
2010-11-08,3.0,6.6
2010-11-09,4.1,7.3
2010-11-10,0.0,4.6
2010-11-11,0.3,9.1
2010-11-12,5.6,10.7
2010-11-13,2.8,9.4
2010-11-14,0.0,6.8
2010-11-15,0.0,3.1
2010-11-16,0.0,3.0
2010-11-17,0.3,6.7
2010-11-18,0.0,7.7
2010-11-19,,6.7
2010-11-20,0.3,6.6
2010-11-21,0.5,6.6
2010-11-22,0.0,6.3
2010-11-23,0.3,5.9
2010-11-24,0.0,2.4
2010-11-25,0.3,1.4
2010-11-26,0.0,-0.1
2010-11-27,0.0,-1.1
2010-11-28,0.0,-1.9
2010-11-29,0.0,0.2
2010-11-30,0.3,0.9
2010-12-01,1.5,-0.1
2010-12-02,0.0,-0.8
2010-12-03,0.3,-3.1
2010-12-04,0.0,3.9
2010-12-05,0.5,1.9
2010-12-06,0.0,-1.8
2010-12-07,0.0,-0.4
2010-12-08,0.0,0.4
2010-12-09,0.0,0.6
2010-12-10,0.0,4.4
2010-12-11,0.0,6.8
2010-12-12,0.0,3.9
2010-12-13,0.3,2.1
2010-12-14,0.3,3.8
2010-12-15,0.0,2.2
2010-12-16,0.5,4.1
2010-12-17,3.3,-3.1
2010-12-18,0.3,-2.5
2010-12-19,0.3,-2.9
2010-12-20,0.0,-3.2
2010-12-21,2.0,1.0
2010-12-22,3.0,0.9
2010-12-23,0.0,0.9
2010-12-24,0.3,0.7
2010-12-25,0.3,-1.9
2010-12-26,0.0,-2.2
2010-12-27,0.0,3.1
2010-12-28,5.6,5.2
2010-12-29,0.0,8.0
2010-12-30,1.0,6.6
2010-12-31,0.0,5.8
2011-01-01,0.0,5.6
2011-01-02,0.5,2.9
2011-01-03,0.0,1.4
2011-01-04,0.0,2.7
2011-01-05,0.0,5.6
2011-01-06,0.5,4.1
2011-01-07,11.4,6.1
2011-01-08,13.0,6.9
2011-01-09,1.0,3.1
2011-01-10,0.0,4.3
2011-01-11,7.1,5.8
2011-01-12,7.1,9.3
2011-01-13,0.8,12.4
2011-01-14,7.6,10.7
2011-01-15,0.3,10.3
2011-01-16,0.0,11.1
2011-01-17,14.0,7.6
2011-01-18,11.9,4.9
2011-01-19,0.3,2.6
2011-01-20,0.3,3.7
2011-01-21,0.0,1.9
2011-01-22,0.3,3.8
2011-01-23,0.3,6.6
2011-01-24,0.0,5.8
2011-01-25,0.5,6.3
2011-01-26,0.5,5.7
2011-01-27,0.3,2.1
2011-01-28,0.0,0.8
2011-01-29,0.0,0.7
2011-01-30,0.0,1.8
2011-01-31,0.0,1.0
2011-02-01,0.0,3.4
2011-02-02,0.3,6.4
2011-02-03,0.0,7.4
2011-02-04,0.0,10.8
2011-02-05,0.0,11.9
2011-02-06,0.0,10.8
2011-02-07,0.0,8.9
2011-02-08,0.0,4.6
2011-02-09,0.3,8.1
2011-02-10,0.0,9.6
2011-02-11,8.9,9.9
2011-02-12,2.8,8.4
2011-02-13,0.0,7.3
2011-02-14,4.8,6.2
2011-02-15,0.5,5.8
2011-02-16,0.0,6.3
2011-02-17,0.3,6.4
2011-02-18,0.0,4.8
2011-02-19,11.2,5.1
2011-02-20,0.0,5.0
2011-02-21,0.0,5.4
2011-02-22,0.5,5.9
2011-02-23,3.8,8.3
2011-02-24,0.0,10.3
2011-02-25,0.0,10.7
2011-02-26,6.1,8.6
2011-02-27,3.0,5.1
2011-02-28,0.5,4.1
2011-03-01,0.0,4.1
2011-03-02,0.0,3.8
2011-03-03,0.0,2.1
2011-03-04,0.0,3.3
2011-03-05,0.0,4.1
2011-03-06,0.3,4.6
2011-03-07,0.0,4.4
2011-03-08,0.0,4.4
2011-03-09,0.0,7.3
2011-03-10,0.0,9.1
2011-03-11,0.0,8.0
2011-03-12,0.0,9.6
2011-03-13,0.3,8.8
2011-03-14,2.3,6.2
2011-03-15,0.0,9.5
2011-03-16,0.0,8.3
2011-03-17,0.0,6.2
2011-03-18,5.1,5.9
2011-03-19,0.0,5.1
2011-03-20,0.0,7.3
2011-03-21,0.3,8.9
2011-03-22,0.0,11.1
2011-03-23,0.0,10.4
2011-03-24,0.0,9.9
2011-03-25,0.0,11.2
2011-03-26,0.0,9.8
2011-03-27,0.3,9.7
2011-03-28,0.0,10.0
2011-03-29,0.0,9.8
2011-03-30,0.5,10.4
2011-03-31,5.3,13.1
2011-04-01,0.3,13.3
2011-04-02,0.0,13.8
2011-04-03,0.0,10.2
2011-04-04,0.0,9.2
2011-04-05,1.5,11.0
2011-04-06,0.3,16.5
2011-04-07,0.0,14.6
2011-04-08,0.0,14.9
2011-04-09,0.0,13.0
2011-04-10,0.0,12.6
2011-04-11,0.0,12.6
2011-04-12,0.0,10.1
2011-04-13,0.0,8.4
2011-04-14,0.0,10.7
2011-04-15,0.0,12.6
2011-04-16,0.0,13.1
2011-04-17,0.0,13.8
2011-04-18,0.0,13.0
2011-04-19,0.0,16.3
2011-04-20,0.0,16.9
2011-04-21,0.0,17.8
2011-04-22,0.0,18.3
2011-04-23,0.0,18.9
2011-04-24,0.5,16.6
2011-04-25,0.0,15.1
2011-04-26,0.0,11.7
2011-04-27,0.0,11.7
2011-04-28,0.0,10.9
2011-04-29,0.0,14.1
2011-04-30,0.0,15.6
2011-05-01,0.0,14.8
2011-05-02,0.0,12.1
2011-05-03,0.0,10.2
2011-05-04,0.0,11.1
2011-05-05,0.0,13.9
2011-05-06,0.0,17.8
2011-05-07,3.0,17.8
2011-05-08,9.4,16.2
2011-05-09,0.0,15.4
2011-05-10,0.0,15.4
2011-05-11,0.0,13.4
2011-05-12,0.0,12.9
2011-05-13,0.0,12.9
2011-05-14,0.0,12.0
2011-05-15,0.0,12.1
2011-05-16,0.0,14.6
2011-05-17,,14.4
2011-05-18,2.0,14.4
2011-05-19,0.0,13.7
2011-05-20,0.0,14.4
2011-05-21,0.0,15.3
2011-05-22,1.0,14.2
2011-05-23,,13.4
2011-05-24,0.0,13.2
2011-05-25,0.0,14.0
2011-05-26,7.1,13.1
2011-05-27,0.5,12.4
2011-05-28,0.0,12.9
2011-05-29,0.0,15.9
2011-05-30,0.0,14.1
2011-05-31,2.0,12.1
2011-06-01,0.0,14.4
2011-06-02,0.0,17.8
2011-06-03,0.0,19.2
2011-06-04,0.0,18.5
2011-06-05,0.0,14.6
2011-06-06,18.0,11.9
2011-06-07,9.4,14.2
2011-06-08,0.0,13.1
2011-06-09,1.8,13.2
2011-06-10,0.5,11.4
2011-06-11,2.5,12.4
2011-06-12,0.0,11.8
2011-06-13,6.1,17.1
2011-06-14,0.0,16.6
2011-06-15,0.0,16.7
2011-06-16,0.3,13.4
2011-06-17,14.2,12.6
2011-06-18,7.9,13.9
2011-06-19,1.5,14.9
2011-06-20,0.0,15.0
2011-06-21,3.0,16.9
2011-06-22,0.0,15.2
2011-06-23,4.1,14.7
2011-06-24,1.8,14.1
2011-06-25,0.0,17.4
2011-06-26,0.3,21.7
2011-06-27,0.0,24.8
2011-06-28,7.9,17.6
2011-06-29,0.0,15.8
2011-06-30,0.0,15.1
2011-07-01,0.0,15.8
2011-07-02,0.0,17.6
2011-07-03,0.0,18.6
2011-07-04,0.0,19.7
2011-07-05,0.0,17.8
2011-07-06,5.1,16.3
2011-07-07,0.0,15.8
2011-07-08,2.3,15.6
2011-07-09,0.8,16.9
2011-07-10,0.0,17.3
2011-07-11,0.0,19.1
2011-07-12,0.0,17.2
2011-07-13,0.0,15.4
2011-07-14,0.0,17.6
2011-07-15,0.0,18.3
2011-07-16,0.5,16.0
2011-07-17,8.4,15.3
2011-07-18,5.1,15.1
2011-07-19,1.8,14.9
2011-07-20,21.1,14.9
2011-07-21,0.5,15.3
2011-07-22,2.3,15.5
2011-07-23,0.0,15.4
2011-07-24,0.5,16.9
2011-07-25,0.0,17.8
2011-07-26,0.0,17.1
2011-07-27,0.0,17.3
2011-07-28,0.0,19.3
2011-07-29,0.0,17.3
2011-07-30,0.0,17.1
2011-07-31,0.0,18.6
2011-08-01,0.0,21.4
2011-08-02,,22.6
2011-08-03,0.0,22.1
2011-08-04,11.9,18.4
2011-08-05,0.0,19.1
2011-08-06,0.0,16.6
2011-08-07,3.0,15.3
2011-08-08,1.5,16.1
2011-08-09,0.0,16.3
2011-08-10,0.0,17.2
2011-08-11,0.0,18.0
2011-08-12,1.3,18.4
2011-08-13,0.0,18.0
2011-08-14,0.0,17.8
2011-08-15,0.0,16.7
2011-08-16,0.0,17.5
2011-08-17,0.0,16.1
2011-08-18,1.8,13.6
2011-08-19,15.7,15.4
2011-08-20,0.0,17.1
2011-08-21,3.3,18.3
2011-08-22,0.0,17.4
2011-08-23,5.1,15.2
2011-08-24,,16.4
2011-08-25,6.6,16.1
2011-08-26,10.2,14.5
2011-08-27,5.6,14.6
2011-08-28,0.8,14.6
2011-08-29,0.0,14.2
2011-08-30,0.0,15.0
2011-08-31,0.0,15.4
2011-09-01,0.0,15.4
2011-09-02,0.0,19.1
2011-09-03,0.0,18.4
2011-09-04,4.1,16.6
2011-09-05,0.5,14.9
2011-09-06,16.5,15.8
2011-09-07,0.3,14.0
2011-09-08,0.5,16.3
2011-09-09,0.0,18.7
2011-09-10,0.3,18.9
2011-09-11,3.6,16.9
2011-09-12,0.5,17.9
2011-09-13,0.3,14.7
2011-09-14,0.0,14.4
2011-09-15,0.0,14.0
2011-09-16,0.5,16.7
2011-09-17,0.3,13.7
2011-09-18,0.0,12.1
2011-09-19,0.0,14.1
2011-09-20,0.0,16.8
2011-09-21,2.5,15.0
2011-09-22,0.0,14.9
2011-09-23,0.0,13.6
2011-09-24,0.0,14.3
2011-09-25,0.3,16.5
2011-09-26,0.0,17.7
2011-09-27,4.3,16.0
2011-09-28,0.3,18.8
2011-09-29,0.0,19.6
2011-09-30,0.0,19.8
2011-10-01,0.0,19.9
2011-10-02,0.0,19.5
2011-10-03,0.0,19.4
2011-10-04,0.0,16.7
2011-10-05,0.3,17.4
2011-10-06,0.0,13.2
2011-10-07,0.5,11.6
2011-10-08,0.0,12.5
2011-10-09,0.5,17.2
2011-10-10,0.5,17.3
2011-10-11,0.0,16.8
2011-10-12,0.0,16.2
2011-10-13,0.0,14.7
2011-10-14,0.0,11.6
2011-10-15,0.0,11.1
2011-10-16,0.0,10.3
2011-10-17,0.0,12.6
2011-10-18,3.0,10.5
2011-10-19,0.0,7.4
2011-10-20,0.3,7.2
2011-10-21,0.3,10.2
2011-10-22,0.0,9.9
2011-10-23,0.0,14.0
2011-10-24,0.0,14.2
2011-10-25,1.5,12.8
2011-10-26,3.0,9.7
2011-10-27,0.8,12.2
2011-10-28,2.0,12.6
2011-10-29,0.0,13.5
2011-10-30,0.0,15.2
2011-10-31,0.0,14.9
2011-11-01,1.0,12.6
2011-11-02,0.0,11.9
2011-11-03,2.8,15.0
2011-11-04,13.7,13.3
2011-11-05,6.6,12.0
2011-11-06,0.0,10.4
2011-11-07,0.0,11.1
2011-11-08,0.5,10.1
2011-11-09,0.0,11.6
2011-11-10,0.0,11.4
2011-11-11,0.3,10.0
2011-11-12,0.0,13.3
2011-11-13,0.0,12.2
2011-11-14,0.0,9.2
2011-11-15,0.0,8.2
2011-11-16,0.0,6.3
2011-11-17,0.0,10.4
2011-11-18,0.0,11.2
2011-11-19,0.3,8.7
2011-11-20,0.3,5.2
2011-11-21,0.3,8.7
2011-11-22,0.0,10.7
2011-11-23,0.0,6.8
2011-11-24,0.3,10.2
2011-11-25,0.3,10.6
2011-11-26,0.0,10.3
2011-11-27,0.0,10.9
2011-11-28,0.0,5.8
2011-11-29,0.5,11.5
2011-11-30,0.0,8.8
2011-12-01,2.5,9.8
2011-12-02,5.3,5.3
2011-12-03,0.0,10.2
2011-12-04,0.5,7.7
2011-12-05,0.3,4.4
2011-12-06,0.0,5.1
2011-12-07,0.0,7.4
2011-12-08,0.0,8.7
2011-12-09,0.8,5.1
2011-12-10,0.0,2.4
2011-12-11,0.0,6.2
2011-12-12,7.9,6.4
2011-12-13,16.0,7.9
2011-12-14,0.3,4.9
2011-12-15,0.5,5.7
2011-12-16,0.0,3.5
2011-12-17,3.6,2.8
2011-12-18,0.5,2.3
2011-12-19,0.5,3.2
2011-12-20,5.1,6.6
2011-12-21,0.0,9.8
2011-12-22,0.0,10.3
2011-12-23,4.6,9.4
2011-12-24,0.3,5.6
2011-12-25,0.3,10.7
2011-12-26,0.0,11.5
2011-12-27,0.0,9.8
2011-12-28,0.0,8.6
2011-12-29,0.3,7.5
2011-12-30,2.3,6.9
2011-12-31,5.1,11.9
2012-01-01,0.3,11.2
2012-01-02,7.1,5.9
2012-01-03,0.0,8.6
2012-01-04,7.9,7.0
2012-01-05,0.0,9.7
2012-01-06,0.3,6.8
2012-01-07,0.0,9.3
2012-01-08,0.0,8.8
2012-01-09,0.0,10.0
2012-01-10,0.3,9.9
2012-01-11,0.0,8.9
2012-01-12,0.0,8.7
2012-01-13,0.0,3.5
2012-01-14,0.0,1.2
2012-01-15,0.3,2.7
2012-01-16,0.0,2.1
2012-01-17,0.3,1.9
2012-01-18,0.3,9.1
2012-01-19,0.0,9.6
2012-01-20,4.3,7.8
2012-01-21,0.0,10.4
2012-01-22,0.0,8.5
2012-01-23,0.0,5.8
2012-01-24,7.9,5.8
2012-01-25,0.0,9.3
2012-01-26,1.0,6.9
2012-01-27,0.3,4.9
2012-01-28,0.3,4.1
2012-01-29,0.3,3.0
2012-01-30,0.0,2.2
2012-01-31,0.0,0.8
2012-02-01,0.0,0.8
2012-02-02,0.0,-1.0
2012-02-03,0.0,-1.7
2012-02-04,0.0,-1.9
2012-02-05,0.5,1.2
2012-02-06,7.9,2.8
2012-02-07,2.3,1.0
2012-02-08,0.0,-0.5
2012-02-09,0.0,0.1
2012-02-10,2.0,-0.7
2012-02-11,0.0,-2.8
2012-02-12,0.0,0.3
2012-02-13,0.0,4.6
2012-02-14,0.5,6.4
2012-02-15,0.0,8.7
2012-02-16,0.0,7.8
2012-02-17,0.0,9.1
2012-02-18,0.0,7.8
2012-02-19,2.8,3.6
2012-02-20,0.0,3.3
2012-02-21,0.0,8.7
2012-02-22,0.0,8.9
2012-02-23,0.8,12.8
2012-02-24,0.0,11.1
2012-02-25,0.0,9.2
2012-02-26,0.0,7.4
2012-02-27,0.0,8.9
2012-02-28,0.0,10.8
2012-02-29,0.0,10.6
2012-03-01,0.0,8.6
2012-03-02,0.0,7.2
2012-03-03,0.0,9.6
2012-03-04,9.4,6.3
2012-03-05,0.0,6.3
2012-03-06,0.0,4.7
2012-03-07,0.3,7.7
2012-03-08,3.8,6.9
2012-03-09,0.0,9.3
2012-03-10,0.0,11.6
2012-03-11,0.0,10.9
2012-03-12,0.0,8.3
2012-03-13,0.3,7.6
2012-03-14,0.0,7.5
2012-03-15,0.0,7.7
2012-03-16,0.0,9.0
2012-03-17,1.0,8.9
2012-03-18,2.3,6.3
2012-03-19,0.0,6.9
2012-03-20,0.3,9.4
2012-03-21,0.0,10.8
2012-03-22,0.0,10.8
2012-03-23,0.0,12.5
2012-03-24,0.0,11.7
2012-03-25,0.0,9.4
2012-03-26,0.0,10.3
2012-03-27,0.0,11.4
2012-03-28,0.0,13.3
2012-03-29,0.0,13.3
2012-03-30,0.0,11.6
2012-03-31,0.0,8.7
2012-04-01,0.0,7.7
2012-04-02,0.0,9.6
2012-04-03,0.0,8.9
2012-04-04,3.0,6.9
2012-04-05,0.3,7.1
2012-04-06,0.0,6.7
2012-04-07,0.3,8.7
2012-04-08,0.5,10.0
2012-04-09,0.5,9.8
2012-04-10,5.3,9.2
2012-04-11,1.3,8.2
2012-04-12,0.0,8.0
2012-04-13,2.5,8.0
2012-04-14,0.0,8.6
2012-04-15,0.0,6.1
2012-04-16,0.0,6.2
2012-04-17,3.0,8.1
2012-04-18,5.1,8.1
2012-04-19,4.1,7.9
2012-04-20,7.4,7.9
2012-04-21,0.3,8.1
2012-04-22,0.5,8.8
2012-04-23,4.1,7.7
2012-04-24,2.0,9.3
2012-04-25,13.0,9.0
2012-04-26,5.1,11.2
2012-04-27,3.0,11.4
2012-04-28,3.6,8.5
2012-04-29,17.3,9.0
2012-04-30,5.6,13.6
2012-05-01,0.0,14.1
2012-05-02,2.8,11.1
2012-05-03,0.0,8.6
2012-05-04,0.0,8.2
2012-05-05,0.0,7.4
2012-05-06,0.3,7.2
2012-05-07,0.0,9.3
2012-05-08,2.3,13.3
2012-05-09,0.0,13.2
2012-05-10,6.1,15.4
2012-05-11,4.3,12.6
2012-05-12,0.0,10.6
2012-05-13,0.0,11.6
2012-05-14,0.0,9.4
2012-05-15,1.5,7.6
2012-05-16,4.3,9.6
2012-05-17,0.0,10.9
2012-05-18,0.0,12.6
2012-05-19,0.0,13.2
2012-05-20,0.0,10.3
2012-05-21,0.0,12.6
2012-05-22,0.0,18.4
2012-05-23,0.0,20.2
2012-05-24,0.0,21.2
2012-05-25,0.0,20.8
2012-05-26,0.0,20.2
2012-05-27,0.0,20.3
2012-05-28,0.0,19.7
2012-05-29,0.0,18.2
2012-05-30,0.0,18.2
2012-05-31,4.3,16.2
2012-06-01,0.0,17.1
2012-06-02,1.0,14.2
2012-06-03,8.1,11.7
2012-06-04,10.4,10.6
2012-06-05,6.1,11.3
2012-06-06,3.8,15.2
2012-06-07,9.4,14.4
2012-06-08,6.1,13.7
2012-06-09,0.0,14.4
2012-06-10,0.0,13.6
2012-06-11,29.0,11.9
2012-06-12,7.1,11.8
2012-06-13,0.0,13.5
2012-06-14,0.0,13.8
2012-06-15,7.1,15.1
2012-06-16,0.0,15.1
2012-06-17,0.0,15.6
2012-06-18,4.6,14.3
2012-06-19,0.0,15.5
2012-06-20,0.0,17.3
2012-06-21,6.1,15.2
2012-06-22,2.0,14.8
2012-06-23,0.3,14.9
2012-06-24,0.0,15.9
2012-06-25,0.3,17.2
2012-06-26,0.0,17.8
2012-06-27,0.0,19.3
2012-06-28,0.0,21.4
2012-06-29,0.3,16.9
2012-06-30,0.0,17.2
2012-07-01,0.0,14.8
2012-07-02,0.3,15.3
2012-07-03,4.3,16.6
2012-07-04,6.6,18.2
2012-07-05,0.3,18.2
2012-07-06,0.0,15.8
2012-07-07,8.6,15.7
2012-07-08,0.0,16.8
2012-07-09,2.5,16.2
2012-07-10,0.3,15.0
2012-07-11,6.1,15.1
2012-07-12,5.8,13.9
2012-07-13,8.9,15.9
2012-07-14,0.0,14.6
2012-07-15,6.1,15.1
2012-07-16,0.0,15.4
2012-07-17,1.8,18.6
2012-07-18,0.0,16.7
2012-07-19,1.5,16.7
2012-07-20,0.3,15.4
2012-07-21,2.0,16.2
2012-07-22,0.0,17.8
2012-07-23,0.0,20.3
2012-07-24,0.0,22.4
2012-07-25,0.0,23.6
2012-07-26,0.0,21.4
2012-07-27,0.0,20.1
2012-07-28,0.0,17.1
2012-07-29,0.0,14.2
2012-07-30,1.5,15.4
2012-07-31,0.0,15.9
2012-08-01,0.5,17.7
2012-08-02,0.5,18.1
2012-08-03,0.0,17.0
2012-08-04,2.3,17.1
2012-08-05,1.5,16.2
2012-08-06,1.5,17.0
2012-08-07,2.3,15.3
2012-08-08,0.0,19.3
2012-08-09,0.3,20.3
2012-08-10,0.0,20.7
2012-08-11,0.0,19.1
2012-08-12,0.0,20.2
2012-08-13,0.0,18.6
2012-08-14,2.8,20.5
2012-08-15,0.0,19.5
2012-08-16,0.8,18.9
2012-08-17,0.0,22.3
2012-08-18,0.0,24.2
2012-08-19,0.0,23.7
2012-08-20,0.0,20.3
2012-08-21,0.0,18.6
2012-08-22,0.3,17.4
2012-08-23,0.0,17.2
2012-08-24,0.0,16.6
2012-08-25,12.7,17.0
2012-08-26,4.1,16.9
2012-08-27,0.0,17.1
2012-08-28,2.0,18.1
2012-08-29,0.0,15.2
2012-08-30,3.8,14.7
2012-08-31,0.0,13.3
2012-09-01,0.0,16.8
2012-09-02,0.0,15.8
2012-09-03,0.0,19.2
2012-09-04,0.0,18.7
2012-09-05,0.0,15.9
2012-09-06,0.0,15.4
2012-09-07,0.0,18.1
2012-09-08,0.0,18.1
2012-09-09,0.0,18.1
2012-09-10,0.0,18.2
2012-09-11,0.0,15.3
2012-09-12,0.0,12.9
2012-09-13,2.0,13.3
2012-09-14,0.0,16.6
2012-09-15,0.0,15.3
2012-09-16,0.0,15.8
2012-09-17,0.0,15.7
2012-09-18,0.0,13.7
2012-09-19,0.0,11.9
2012-09-20,0.0,13.2
2012-09-21,0.0,12.9
2012-09-22,0.8,10.9
2012-09-23,0.0,10.7
2012-09-24,21.8,13.0
2012-09-25,7.9,12.3
2012-09-26,0.5,12.4
2012-09-27,2.8,13.1
2012-09-28,0.8,12.3
2012-09-29,0.3,11.9
2012-09-30,0.0,12.4
2012-10-01,7.1,14.3
2012-10-02,0.3,13.5
2012-10-03,5.1,12.2
2012-10-04,1.0,11.5
2012-10-05,10.2,12.3
2012-10-06,14.0,10.9
2012-10-07,0.3,8.9
2012-10-08,0.0,11.4
2012-10-09,2.8,11.6
2012-10-10,0.0,11.7
2012-10-11,0.0,12.5
2012-10-12,7.9,11.4
2012-10-13,0.0,8.4
2012-10-14,0.8,7.4
2012-10-15,0.0,9.0
2012-10-16,1.0,11.8
2012-10-17,12.7,13.4
2012-10-18,0.8,13.9
2012-10-19,0.3,12.2
2012-10-20,8.1,11.2
2012-10-21,0.0,11.2
2012-10-22,0.8,13.7
2012-10-23,0.0,12.9
2012-10-24,0.3,14.2
2012-10-25,0.0,12.1
2012-10-26,0.5,7.6
2012-10-27,,4.9
2012-10-28,0.3,5.8
2012-10-29,0.0,9.8
2012-10-30,1.8,7.7
2012-10-31,0.0,9.4
2012-11-01,9.7,7.4
2012-11-02,0.0,6.7
2012-11-03,0.0,6.4
2012-11-04,16.0,4.7
2012-11-05,0.3,5.3
2012-11-06,0.0,5.9
2012-11-07,0.3,8.1
2012-11-08,0.3,9.9
2012-11-09,0.0,9.3
2012-11-10,4.1,8.8
2012-11-11,0.0,5.3
2012-11-12,0.3,8.3
2012-11-13,1.5,12.1
2012-11-14,0.3,10.6
2012-11-15,0.0,7.0
2012-11-16,0.0,7.4
2012-11-17,0.0,10.6
2012-11-18,0.0,5.2
2012-11-19,0.3,7.7
2012-11-20,0.0,12.1
2012-11-21,5.1,9.3
2012-11-22,5.6,11.3
2012-11-23,0.0,7.9
2012-11-24,0.0,6.6
2012-11-25,12.4,10.1
2012-11-26,0.0,8.4
2012-11-27,7.4,7.3
2012-11-28,1.8,5.9
2012-11-29,0.0,3.1
2012-11-30,0.0,1.4
2012-12-01,0.0,1.6
2012-12-02,0.3,1.5
2012-12-03,4.6,6.9
2012-12-04,0.5,3.9
2012-12-05,0.0,1.5
2012-12-06,1.3,0.8
2012-12-07,0.0,4.7
2012-12-08,1.0,4.8
2012-12-09,0.0,6.8
2012-12-10,0.0,3.8
2012-12-11,0.0,-0.2
2012-12-12,0.3,-2.1
2012-12-13,0.0,-0.1
2012-12-14,0.5,6.8
2012-12-15,7.4,8.7
2012-12-16,0.0,6.9
2012-12-17,0.8,6.8
2012-12-18,0.0,6.2
2012-12-19,0.0,5.3
2012-12-20,20.3,8.4
2012-12-21,0.0,7.3
2012-12-22,15.0,10.2
2012-12-23,3.0,11.6
2012-12-24,6.1,9.5
2012-12-25,11.2,7.9
2012-12-26,2.0,7.6
2012-12-27,3.0,7.3
2012-12-28,,9.5
2012-12-29,1.3,10.0
2012-12-30,0.3,7.7
2012-12-31,5.1,10.7
2013-01-01,5.1,6.1
2013-01-02,0.0,6.9
2013-01-03,0.3,10.6
2013-01-04,0.0,9.6
2013-01-05,0.0,9.2
2013-01-06,0.3,7.3
2013-01-07,0.0,8.1
2013-01-08,0.0,10.0
2013-01-09,3.0,7.5
2013-01-10,0.3,2.2
2013-01-11,0.3,3.3
2013-01-12,0.0,3.4
2013-01-13,1.5,2.0
2013-01-14,0.0,1.3
2013-01-15,4.8,1.5
2013-01-16,0.0,-1.4
2013-01-17,0.0,-0.4
2013-01-18,0.3,-0.7
2013-01-19,0.0,0.2
2013-01-20,0.8,-0.8
2013-01-21,0.5,-0.2
2013-01-22,2.8,-0.1
2013-01-23,1.3,1.9
2013-01-24,0.5,1.6
2013-01-25,0.0,1.3
2013-01-26,5.1,5.4
2013-01-27,9.9,8.0
2013-01-28,0.5,6.7
2013-01-29,2.8,11.8
2013-01-30,0.0,10.1
2013-01-31,0.5,8.7
2013-02-01,3.6,6.2
2013-02-02,3.6,3.8
2013-02-03,0.0,5.1
2013-02-04,0.0,8.9
2013-02-05,3.0,4.4
2013-02-06,0.8,4.7
2013-02-07,0.3,3.0
2013-02-08,0.3,3.2
2013-02-09,0.3,2.7
2013-02-10,0.0,3.4
2013-02-11,17.5,1.2
2013-02-12,5.3,1.4
2013-02-13,0.3,1.6
2013-02-14,0.5,8.1
2013-02-15,1.5,5.8
2013-02-16,0.0,6.6
2013-02-17,0.0,4.4
2013-02-18,0.3,3.9
2013-02-19,0.3,4.1
2013-02-20,0.0,3.1
2013-02-21,0.5,1.4
2013-02-22,0.0,1.1
2013-02-23,0.0,0.9
2013-02-24,0.0,1.4
2013-02-25,0.0,3.1
2013-02-26,0.5,3.9
2013-02-27,0.3,3.6
2013-02-28,0.0,4.4
2013-03-01,0.3,4.7
2013-03-02,0.3,3.0
2013-03-03,0.0,2.9
2013-03-04,0.0,4.7
2013-03-05,0.0,7.4
2013-03-06,0.0,10.1
2013-03-07,6.1,8.7
2013-03-08,5.6,9.4
2013-03-09,2.0,6.3
2013-03-10,0.3,2.7
2013-03-11,0.0,-0.2
2013-03-12,0.0,1.1
2013-03-13,0.0,3.3
2013-03-14,0.0,2.7
2013-03-15,0.3,5.9
2013-03-16,6.1,6.7
2013-03-17,8.9,4.7
2013-03-18,6.6,3.2
2013-03-19,2.0,4.6
2013-03-20,0.0,4.1
2013-03-21,0.3,3.8
2013-03-22,0.0,3.7
2013-03-23,9.1,1.6
2013-03-24,0.0,0.5
2013-03-25,0.3,1.0
2013-03-26,0.0,1.2
2013-03-27,0.0,1.7
2013-03-28,0.0,1.9
2013-03-29,0.0,2.4
2013-03-30,0.0,2.7
2013-03-31,0.0,1.9
2013-04-01,0.0,2.8
2013-04-02,0.0,3.8
2013-04-03,0.0,2.6
2013-04-04,0.0,2.2
2013-04-05,0.5,4.2
2013-04-06,0.0,4.6
2013-04-07,0.0,4.8
2013-04-08,0.0,6.6
2013-04-09,3.0,6.3
2013-04-10,0.0,6.6
2013-04-11,10.4,8.4
2013-04-12,8.1,8.9
2013-04-13,4.1,9.2
2013-04-14,2.0,14.6
2013-04-15,0.0,12.3
2013-04-16,0.0,12.6
2013-04-17,0.0,13.4
2013-04-18,2.0,10.7
2013-04-19,0.0,9.4
2013-04-20,0.0,7.9
2013-04-21,0.0,8.2
2013-04-22,0.0,10.3
2013-04-23,0.0,14.3
2013-04-24,0.0,14.5
2013-04-25,0.3,15.3
2013-04-26,0.0,9.4
2013-04-27,1.0,6.6
2013-04-28,2.5,7.5
2013-04-29,0.0,10.5
2013-04-30,0.0,9.3
2013-05-01,0.0,9.7
2013-05-02,0.0,11.4
2013-05-03,0.0,12.4
2013-05-04,0.0,12.2
2013-05-05,1.0,13.7
2013-05-06,0.0,15.9
2013-05-07,0.0,15.7
2013-05-08,0.5,13.7
2013-05-09,0.5,10.6
2013-05-10,0.0,12.6
2013-05-11,1.8,10.1
2013-05-12,2.3,10.2
2013-05-13,0.5,11.8
2013-05-14,0.0,9.1
2013-05-15,7.6,9.0
2013-05-16,0.5,10.3
2013-05-17,0.3,9.7
2013-05-18,0.0,11.9
2013-05-19,0.0,13.9
2013-05-20,0.3,14.6
2013-05-21,0.0,13.7
2013-05-22,0.5,11.6
2013-05-23,0.0,8.1
2013-05-24,0.3,7.1
2013-05-25,5.1,10.3
2013-05-26,0.0,12.9
2013-05-27,0.0,12.7
2013-05-28,2.3,10.6
2013-05-29,14.0,10.6
2013-05-30,3.3,12.9
2013-05-31,0.5,16.1
2013-06-01,0.0,14.1
2013-06-02,0.0,13.7
2013-06-03,0.0,13.8
2013-06-04,0.0,14.4
2013-06-05,0.0,14.2
2013-06-06,0.0,15.4
2013-06-07,0.5,14.9
2013-06-08,0.5,13.3
2013-06-09,0.0,12.7
2013-06-10,0.0,12.6
2013-06-11,0.0,14.1
2013-06-12,0.0,15.8
2013-06-13,2.3,14.6
2013-06-14,0.0,14.6
2013-06-15,1.0,14.3
2013-06-16,3.0,14.6
2013-06-17,0.3,16.8
2013-06-18,0.0,17.7
2013-06-19,0.0,20.7
2013-06-20,0.0,18.7
2013-06-21,0.0,17.4
2013-06-22,1.3,14.8
2013-06-23,0.5,15.0
2013-06-24,0.3,14.2
2013-06-25,0.0,16.0
2013-06-26,0.0,16.4
2013-06-27,0.0,14.9
2013-06-28,1.0,16.4
2013-06-29,1.3,17.6
2013-06-30,0.0,19.4
2013-07-01,0.0,16.6
2013-07-02,0.0,14.4
2013-07-03,1.3,17.0
2013-07-04,0.0,18.3
2013-07-05,0.0,19.1
2013-07-06,0.0,21.4
2013-07-07,0.0,22.9
2013-07-08,0.0,21.4
2013-07-09,0.0,20.1
2013-07-10,0.0,18.8
2013-07-11,0.0,16.7
2013-07-12,0.0,18.3
2013-07-13,0.0,23.4
2013-07-14,0.0,23.8
2013-07-15,0.0,24.1
2013-07-16,0.0,24.2
2013-07-17,0.0,24.7
2013-07-18,0.0,23.6
2013-07-19,0.0,22.4
2013-07-20,0.0,20.1
2013-07-21,0.0,21.0
2013-07-22,0.5,24.8
2013-07-23,0.3,23.7
2013-07-24,0.5,20.7
2013-07-25,8.6,20.6
2013-07-26,0.0,20.1
2013-07-27,0.0,19.9
2013-07-28,6.1,19.4
2013-07-29,2.8,19.1
2013-07-30,1.0,17.7
2013-07-31,4.3,19.7
2013-08-01,0.0,25.5
2013-08-02,0.0,20.5
2013-08-03,3.3,19.2
2013-08-04,0.0,19.0
2013-08-05,0.0,18.7
2013-08-06,11.7,17.8
2013-08-07,0.3,18.7
2013-08-08,0.0,19.1
2013-08-09,0.3,19.4
2013-08-10,0.5,18.1
2013-08-11,0.0,19.2
2013-08-12,0.0,17.3
2013-08-13,0.0,15.6
2013-08-14,0.5,16.9
2013-08-15,1.0,19.7
2013-08-16,1.0,19.0
2013-08-17,1.0,17.1
2013-08-18,0.0,19.2
2013-08-19,0.0,17.7
2013-08-20,0.0,18.6
2013-08-21,0.0,19.9
2013-08-22,2.3,18.9
2013-08-23,0.5,21.4
2013-08-24,0.0,17.8
2013-08-25,9.9,18.2
2013-08-26,0.8,19.6
2013-08-27,0.0,17.9
2013-08-28,0.0,18.3
2013-08-29,0.0,19.2
2013-08-30,0.0,19.6
2013-08-31,0.0,17.3
2013-09-01,0.0,15.7
2013-09-02,0.0,18.9
2013-09-03,0.0,19.5
2013-09-04,0.0,21.0
2013-09-05,0.0,21.8
2013-09-06,0.0,15.4
2013-09-07,1.3,14.4
2013-09-08,0.3,11.9
2013-09-09,3.3,11.8
2013-09-10,3.3,13.6
2013-09-11,0.0,14.4
2013-09-12,2.3,15.2
2013-09-13,2.0,16.9
2013-09-14,29.7,11.9
2013-09-15,0.3,12.1
2013-09-16,1.8,11.6
2013-09-17,0.3,11.8
2013-09-18,4.6,12.9
2013-09-19,0.0,12.7
2013-09-20,0.3,14.2
2013-09-21,0.0,15.1
2013-09-22,0.0,17.1
2013-09-23,0.0,15.8
2013-09-24,0.3,15.4
2013-09-25,0.0,17.3
2013-09-26,0.0,15.7
2013-09-27,0.0,13.7
2013-09-28,0.0,15.3
2013-09-29,0.5,15.5
2013-09-30,0.0,15.7
2013-10-01,0.0,14.7
2013-10-02,0.0,16.7
2013-10-03,0.0,16.4
2013-10-04,1.5,17.9
2013-10-05,0.0,15.6
2013-10-06,0.0,13.6
2013-10-07,0.3,14.6
2013-10-08,0.0,16.4
2013-10-09,0.0,13.3
2013-10-10,0.0,9.3
2013-10-11,1.3,11.6
2013-10-12,5.1,11.7
2013-10-13,0.0,10.3
2013-10-14,11.2,9.6
2013-10-15,2.3,9.8
2013-10-16,0.3,10.5
2013-10-17,4.6,14.1
2013-10-18,0.3,14.2
2013-10-19,0.8,14.9
2013-10-20,0.5,13.8
2013-10-21,12.2,15.7
2013-10-22,0.5,16.5
2013-10-23,7.1,14.4
2013-10-24,0.5,11.8
2013-10-25,0.5,15.9
2013-10-26,0.0,15.4
2013-10-27,0.0,13.8
2013-10-28,0.0,12.6
2013-10-29,,9.3
2013-10-30,0.0,9.7
2013-10-31,0.5,12.7
2013-11-01,0.5,12.7
2013-11-02,0.5,11.9
2013-11-03,0.0,9.3
2013-11-04,14.7,7.7
2013-11-05,5.1,8.9
2013-11-06,1.8,12.3
2013-11-07,3.3,10.4
2013-11-08,0.0,7.4
2013-11-09,8.6,5.7
2013-11-10,5.8,6.3
2013-11-11,1.0,9.2
2013-11-12,1.8,10.3
2013-11-13,1.0,5.8
2013-11-14,0.5,7.7
2013-11-15,0.0,5.9
2013-11-16,0.0,4.9
2013-11-17,0.0,8.8
2013-11-18,0.5,8.2
2013-11-19,0.3,3.6
2013-11-20,0.0,3.1
2013-11-21,4.3,5.5
2013-11-22,0.0,5.2
2013-11-23,0.0,5.2
2013-11-24,0.0,6.6
2013-11-25,0.0,5.6
2013-11-26,0.0,4.8
2013-11-27,0.3,8.2
2013-11-28,0.0,8.9
2013-11-29,0.0,8.5
2013-11-30,0.3,6.1
2013-12-01,0.0,5.8
2013-12-02,0.0,7.8
2013-12-03,0.0,5.9
2013-12-04,0.0,5.7
2013-12-05,0.0,5.4
2013-12-06,0.5,5.8
2013-12-07,0.0,7.4
2013-12-08,0.0,8.1
2013-12-09,0.0,7.3
2013-12-10,0.5,4.9
2013-12-11,0.5,2.3
2013-12-12,0.0,5.3
2013-12-13,0.3,10.2
2013-12-14,2.0,8.0
2013-12-15,1.3,10.9
2013-12-16,8.9,11.3
2013-12-17,13.0,5.8
2013-12-18,2.5,8.1
2013-12-19,7.9,6.7
2013-12-20,3.8,6.6
2013-12-21,2.3,10.7
2013-12-22,6.6,8.2
2013-12-23,0.0,9.1
2013-12-24,26.9,8.4
2013-12-25,5.8,4.6
2013-12-26,1.8,3.9
2013-12-27,2.3,9.5
2013-12-28,0.0,5.8
2013-12-29,0.0,4.1
2013-12-30,0.3,8.7
2013-12-31,5.6,8.1
2014-01-01,5.3,9.1
2014-01-02,13.7,9.0
2014-01-03,2.5,8.9
2014-01-04,7.6,7.6
2014-01-05,9.9,5.8
2014-01-06,8.9,11.3
2014-01-07,10.2,10.6
2014-01-08,5.3,9.5
2014-01-09,3.6,8.9
2014-01-10,0.0,6.4
2014-01-11,1.8,6.7
2014-01-12,0.0,3.7
2014-01-13,2.3,6.9
2014-01-14,5.1,4.5
2014-01-15,4.6,9.6
2014-01-16,2.8,8.4
2014-01-17,10.9,7.3
2014-01-18,7.1,8.6
2014-01-19,0.8,6.7
2014-01-20,0.0,4.8
2014-01-21,0.3,4.6
2014-01-22,8.6,7.8
2014-01-23,0.3,5.4
2014-01-24,1.5,5.5
2014-01-25,5.6,8.2
2014-01-26,1.8,5.8
2014-01-27,5.1,4.8
2014-01-28,1.8,6.6
2014-01-29,1.5,4.5
2014-01-30,19.1,4.6
2014-01-31,0.3,5.1
2014-02-01,19.8,7.6
2014-02-02,0.0,7.5
2014-02-03,0.0,6.2
2014-02-04,0.0,6.8
2014-02-05,11.2,8.3
2014-02-06,1.5,7.9
2014-02-07,19.1,7.8
2014-02-08,5.8,7.9
2014-02-09,2.3,6.8
2014-02-10,0.0,5.4
2014-02-11,1.5,5.4
2014-02-12,2.3,6.2
2014-02-13,8.1,5.7
2014-02-14,0.0,6.9
2014-02-15,10.2,8.7
2014-02-16,0.5,6.2
2014-02-17,0.0,7.6
2014-02-18,2.3,8.3
2014-02-19,5.8,7.4
2014-02-20,0.0,9.8
2014-02-21,1.5,6.7
2014-02-22,0.0,8.1
2014-02-23,0.0,10.6
2014-02-24,0.0,10.2
2014-02-25,3.3,8.7
2014-02-26,2.5,7.2
2014-02-27,1.8,7.6
2014-02-28,3.3,5.2
2014-03-01,6.1,5.0
2014-03-02,0.0,6.9
2014-03-03,7.1,6.0
2014-03-04,1.0,5.6
2014-03-05,0.0,6.8
2014-03-06,0.3,8.6
2014-03-07,0.0,10.9
2014-03-08,0.0,10.8
2014-03-09,0.0,12.3
2014-03-10,0.0,8.7
2014-03-11,0.0,8.2
2014-03-12,0.0,8.4
2014-03-13,0.3,9.4
2014-03-14,0.0,9.6
2014-03-15,0.0,11.4
2014-03-16,0.0,12.7
2014-03-17,0.0,9.8
2014-03-18,0.0,10.4
2014-03-19,0.0,10.8
2014-03-20,0.0,10.2
2014-03-21,2.5,9.0
2014-03-22,6.1,7.2
2014-03-23,0.0,6.5
2014-03-24,0.0,5.9
2014-03-25,2.3,6.9
2014-03-26,4.6,4.7
2014-03-27,2.0,5.8
2014-03-28,0.0,8.3
2014-03-29,0.0,13.0
2014-03-30,0.0,13.6
2014-03-31,0.0,14.0
2014-04-01,1.5,12.6
2014-04-02,0.0,14.2
2014-04-03,0.0,13.7
2014-04-04,0.0,12.6
2014-04-05,0.0,11.2
2014-04-06,1.5,13.6
2014-04-07,2.5,12.6
2014-04-08,4.3,9.7
2014-04-09,0.0,10.8
2014-04-10,0.0,11.7
2014-04-11,0.0,12.5
2014-04-12,0.0,10.4
2014-04-13,0.0,11.7
2014-04-14,0.0,11.0
2014-04-15,0.0,9.2
2014-04-16,0.0,10.2
2014-04-17,0.0,11.7
2014-04-18,0.0,9.2
2014-04-19,0.0,8.9
2014-04-20,0.0,10.1
2014-04-21,8.9,12.0
2014-04-22,26.9,11.9
2014-04-23,0.3,11.6
2014-04-24,2.3,13.4
2014-04-25,0.0,10.1
2014-04-26,6.6,11.7
2014-04-27,0.8,11.6
2014-04-28,0.8,12.7
2014-04-29,0.0,12.7
2014-04-30,0.0,12.7
2014-05-01,1.5,11.5
2014-05-02,10.2,10.0
2014-05-03,0.0,8.9
2014-05-04,0.0,10.9
2014-05-05,0.0,12.9
2014-05-06,0.0,14.5
2014-05-07,0.3,13.3
2014-05-08,1.0,13.1
2014-05-09,4.3,14.0
2014-05-10,2.8,13.1
2014-05-11,2.3,11.5
2014-05-12,0.3,12.0
2014-05-13,6.6,11.6
2014-05-14,8.6,13.6
2014-05-15,0.0,15.1
2014-05-16,0.0,16.3
2014-05-17,0.0,18.0
2014-05-18,0.0,18.1
2014-05-19,0.0,19.7
2014-05-20,0.0,16.8
2014-05-21,0.0,14.8
2014-05-22,7.9,14.5
2014-05-23,6.1,13.4
2014-05-24,8.6,12.7
2014-05-25,5.3,13.7
2014-05-26,1.5,11.4
2014-05-27,10.9,12.2
2014-05-28,9.9,12.5
2014-05-29,0.0,15.3
2014-05-30,0.0,14.1
2014-05-31,0.0,14.8
2014-06-01,0.0,17.1
2014-06-02,0.3,16.4
2014-06-03,0.0,14.8
2014-06-04,4.3,12.1
2014-06-05,6.4,14.3
2014-06-06,0.0,16.6
2014-06-07,0.0,18.0
2014-06-08,4.3,19.0
2014-06-09,0.0,19.8
2014-06-10,1.5,17.8
2014-06-11,0.0,17.3
2014-06-12,0.0,19.4
2014-06-13,0.0,20.8
2014-06-14,5.8,18.3
2014-06-15,2.8,15.7
2014-06-16,0.0,15.2
2014-06-17,0.0,16.7
2014-06-18,0.0,17.8
2014-06-19,0.3,16.6
2014-06-20,0.0,17.1
2014-06-21,0.0,19.0
2014-06-22,0.0,19.4
2014-06-23,0.0,19.7
2014-06-24,0.0,19.1
2014-06-25,0.0,16.7
2014-06-26,0.0,16.6
2014-06-27,1.3,17.8
2014-06-28,0.0,15.1
2014-06-29,13.7,15.3
2014-06-30,0.0,15.5
2014-07-01,0.5,17.6
2014-07-02,0.0,18.4
2014-07-03,0.0,20.6
2014-07-04,0.0,19.8
2014-07-05,2.8,18.0
2014-07-06,0.8,17.0
2014-07-07,1.5,16.4
2014-07-08,0.0,16.0
2014-07-09,7.6,17.7
2014-07-10,0.0,17.6
2014-07-11,0.0,16.8
2014-07-12,0.5,18.7
2014-07-13,1.8,19.9
2014-07-14,0.0,18.4
2014-07-15,0.0,21.1
2014-07-16,0.0,20.8
2014-07-17,0.0,22.8
2014-07-18,6.6,24.1
2014-07-19,1.3,22.8
2014-07-20,0.5,21.2
2014-07-21,0.0,21.4
2014-07-22,0.0,21.4
2014-07-23,0.0,22.0
2014-07-24,0.0,22.8
2014-07-25,0.0,20.2
2014-07-26,9.9,23.4
2014-07-27,0.0,21.5
2014-07-28,0.0,18.3
2014-07-29,16.5,20.9
2014-07-30,0.0,20.0
2014-07-31,0.0,19.7
2014-08-01,0.0,19.4
2014-08-02,0.0,19.2
2014-08-03,1.8,18.0
2014-08-04,0.0,18.4
2014-08-05,0.0,18.6
2014-08-06,9.7,20.3
2014-08-07,0.0,20.3
2014-08-08,0.0,19.2
2014-08-09,22.1,18.2
2014-08-10,1.0,17.6
2014-08-11,9.1,16.0
2014-08-12,19.3,15.6
2014-08-13,0.5,16.4
2014-08-14,0.0,15.6
2014-08-15,6.4,15.7
2014-08-16,0.3,16.0
2014-08-17,0.0,15.9
2014-08-18,1.3,14.7
2014-08-19,0.5,13.3
2014-08-20,0.3,13.3
2014-08-21,0.0,13.2
2014-08-22,0.0,15.4
2014-08-23,0.5,13.3
2014-08-24,0.5,13.4
2014-08-25,0.3,15.4
2014-08-26,20.3,15.4
2014-08-27,2.8,15.8
2014-08-28,0.8,18.1
2014-08-29,0.3,17.2
2014-08-30,0.3,17.1
2014-08-31,0.3,16.4
2014-09-01,0.0,15.7
2014-09-02,2.0,17.3
2014-09-03,0.0,18.1
2014-09-04,0.0,17.8
2014-09-05,0.0,18.2
2014-09-06,0.0,18.2
2014-09-07,0.0,16.6
2014-09-08,0.0,16.1
2014-09-09,0.0,16.9
2014-09-10,0.0,15.8
2014-09-11,0.0,14.9
2014-09-12,0.0,17.1
2014-09-13,0.0,16.4
2014-09-14,0.0,16.4
2014-09-15,0.0,16.4
2014-09-16,0.0,17.7
2014-09-17,0.0,17.6
2014-09-18,0.0,19.5
2014-09-19,5.6,19.2
2014-09-20,0.0,17.2
2014-09-21,0.3,14.8
2014-09-22,0.0,13.2
2014-09-23,0.3,13.1
2014-09-24,1.3,14.1
2014-09-25,0.5,13.9
2014-09-26,0.0,17.6
2014-09-27,0.0,17.2
2014-09-28,0.0,18.9
2014-09-29,0.0,15.8
2014-09-30,0.8,17.2
2014-10-01,0.0,17.2
2014-10-02,0.5,17.3
2014-10-03,0.0,15.9
2014-10-04,0.0,13.0
2014-10-05,9.7,10.1
2014-10-06,0.0,11.4
2014-10-07,8.9,10.7
2014-10-08,0.5,13.1
2014-10-09,1.3,13.4
2014-10-10,3.0,13.3
2014-10-11,3.3,13.0
2014-10-12,0.5,10.7
2014-10-13,21.6,12.6
2014-10-14,5.3,12.9
2014-10-15,0.5,13.4
2014-10-16,8.9,14.6
2014-10-17,1.8,16.1
2014-10-18,0.5,17.8
2014-10-19,1.8,16.8
2014-10-20,0.0,14.1
2014-10-21,0.5,12.1
2014-10-22,2.8,9.9
2014-10-23,0.0,14.1
2014-10-24,1.8,14.9
2014-10-25,0.3,11.8
2014-10-26,0.0,13.6
2014-10-27,0.0,15.1
2014-10-28,0.3,14.6
2014-10-29,0.5,13.3
2014-10-30,2.3,15.5
2014-10-31,0.3,16.4
2014-11-01,0.0,15.2
2014-11-02,0.5,13.8
2014-11-03,15.2,9.1
2014-11-04,5.3,7.1
2014-11-05,17.5,7.1
2014-11-06,0.0,7.2
2014-11-07,5.1,11.2
2014-11-08,4.8,10.9
2014-11-09,4.3,9.4
2014-11-10,0.0,9.9
2014-11-11,0.0,11.9
2014-11-12,0.8,11.4
2014-11-13,4.1,11.7
2014-11-14,2.5,11.9
2014-11-15,9.9,9.7
2014-11-16,1.5,9.7
2014-11-17,6.4,8.7
2014-11-18,1.8,9.6
2014-11-19,0.3,9.1
2014-11-20,0.0,8.1
2014-11-21,0.0,7.2
2014-11-22,1.8,12.8
2014-11-23,13.0,9.0
2014-11-24,14.5,3.9
2014-11-25,0.5,5.6
2014-11-26,9.1,8.8
2014-11-27,8.4,9.4
2014-11-28,0.0,10.8
2014-11-29,0.5,10.6
2014-11-30,0.3,8.8
2014-12-01,0.0,7.4
2014-12-02,0.0,7.2
2014-12-03,1.0,6.1
2014-12-04,0.5,4.4
2014-12-05,4.3,4.4
2014-12-06,0.0,2.7
2014-12-07,0.3,6.7
2014-12-08,0.5,4.3
2014-12-09,0.0,4.9
2014-12-10,1.5,7.9
2014-12-11,0.0,7.6
2014-12-12,8.6,7.4
2014-12-13,1.5,2.8
2014-12-14,0.0,5.5
2014-12-15,1.0,7.0
2014-12-16,0.3,4.3
2014-12-17,7.9,11.2
2014-12-18,0.3,13.1
2014-12-19,0.3,9.6
2014-12-20,0.5,6.8
2014-12-21,0.0,8.7
2014-12-22,0.0,12.6
2014-12-23,0.0,11.6
2014-12-24,0.0,8.8
2014-12-25,0.3,5.1
2014-12-26,0.0,3.5
2014-12-27,8.9,3.7
2014-12-28,0.0,2.3
2014-12-29,0.0,1.1
2014-12-30,0.3,0.7
2014-12-31,0.3,2.7
2015-01-01,0.3,8.7
2015-01-02,1.0,8.6
2015-01-03,3.8,4.7
2015-01-04,7.1,1.5
2015-01-05,0.0,6.8
2015-01-06,0.3,7.2
2015-01-07,1.0,5.9
2015-01-08,1.0,9.1
2015-01-09,12.4,12.1
2015-01-10,0.0,10.0
2015-01-11,0.8,6.1
2015-01-12,0.5,10.3
2015-01-13,13.7,7.8
2015-01-14,2.0,5.3
2015-01-15,7.9,8.1
2015-01-16,0.5,4.8
2015-01-17,0.3,2.4
2015-01-18,1.0,3.1
2015-01-19,0.3,2.1
2015-01-20,0.0,1.1
2015-01-21,0.5,3.3
2015-01-22,0.3,1.4
2015-01-23,0.0,0.9
2015-01-24,2.8,5.1
2015-01-25,0.0,4.4
2015-01-26,0.3,8.3
2015-01-27,0.3,5.8
2015-01-28,0.0,6.7
2015-01-29,1.0,2.9
2015-01-30,1.5,3.6
2015-01-31,0.3,2.9
2015-02-01,3.3,3.6
2015-02-02,0.0,0.1
2015-02-03,0.0,1.3
2015-02-04,0.5,2.7
2015-02-05,0.0,2.4
2015-02-06,0.3,2.4
2015-02-07,0.0,2.9
2015-02-08,0.3,4.9
2015-02-09,0.0,5.7
2015-02-10,0.0,5.2
2015-02-11,0.0,4.9
2015-02-12,0.0,3.8
2015-02-13,0.0,6.2
2015-02-14,7.1,6.6
2015-02-15,0.3,6.4
2015-02-16,0.3,5.3
2015-02-17,5.6,5.1
2015-02-18,0.0,5.2
2015-02-19,0.0,6.3
2015-02-20,6.1,6.2
2015-02-21,0.5,4.0
2015-02-22,1.5,3.4
2015-02-23,6.6,5.9
2015-02-24,1.3,6.6
2015-02-25,1.0,8.5
2015-02-26,1.5,8.8
2015-02-27,4.6,4.6
2015-02-28,0.0,8.1
2015-03-01,1.8,8.7
2015-03-02,3.3,5.4
2015-03-03,0.0,5.7
2015-03-04,0.0,6.1
2015-03-05,0.0,5.9
2015-03-06,0.0,8.4
2015-03-07,0.0,9.8
2015-03-08,0.0,9.4
2015-03-09,0.0,6.9
2015-03-10,0.3,7.8
2015-03-11,0.0,8.1
2015-03-12,0.0,10.0
2015-03-13,0.0,8.7
2015-03-14,0.0,5.7
2015-03-15,0.0,5.9
2015-03-16,1.5,6.1
2015-03-17,1.3,7.8
2015-03-18,0.0,6.8
2015-03-19,0.0,6.7
2015-03-20,0.0,7.4
2015-03-21,0.0,7.2
2015-03-22,0.0,5.9
2015-03-23,0.0,7.0
2015-03-24,2.8,7.0
2015-03-25,0.5,5.3
2015-03-26,3.0,7.7
2015-03-27,5.1,7.8
2015-03-28,0.0,11.2
2015-03-29,0.0,10.7
2015-03-30,4.8,8.7
2015-03-31,1.5,10.6
2015-04-01,0.0,7.4
2015-04-02,1.5,8.7
2015-04-03,1.5,9.6
2015-04-04,3.0,8.6
2015-04-05,0.3,8.9
2015-04-06,0.0,9.5
2015-04-07,0.0,11.1
2015-04-29,2.0,9.2
2015-04-30,0.0,9.8
2015-05-01,0.0,8.9
2015-05-02,0.0,9.9
2015-05-03,1.8,14.3
2015-05-04,1.5,13.9
2015-05-05,7.1,13.9
2015-05-06,2.5,11.7
2015-05-07,4.3,12.4
2015-05-08,0.0,12.4
2015-05-09,0.3,13.7
2015-05-10,0.0,14.0
2015-05-11,0.0,15.7
2015-05-12,0.0,13.4
2015-05-13,0.3,13.3
2015-05-14,0.0,9.3
2015-05-15,,11.1
2015-05-16,0.0,14.7
2015-05-17,0.0,12.2
2015-05-18,,11.6
2015-05-19,2.0,9.7
2015-05-20,0.3,10.6
2015-05-21,0.0,13.3
2015-05-22,0.0,14.3
2015-05-23,0.0,14.6
2015-05-24,0.0,15.5
2015-05-25,0.3,13.6
2015-05-26,0.0,14.3
2015-05-27,0.0,13.7
2015-05-28,0.0,14.1
2015-05-29,0.0,11.2
2015-05-30,2.5,12.4
2015-05-31,2.5,12.9
2015-06-01,0.5,11.6
2015-06-02,0.5,14.8
2015-06-03,0.0,14.9
2015-06-04,0.0,16.9
2015-06-05,0.5,17.7
2015-06-06,0.3,14.1
2015-06-07,0.0,14.6
2015-06-08,0.0,13.6
2015-06-09,0.0,11.7
2015-06-10,0.0,13.9
2015-06-11,0.0,17.3
2015-06-12,0.0,18.9
2015-06-13,0.5,16.7
2015-06-14,0.0,14.3
2015-06-15,0.3,14.6
2015-06-16,0.0,16.8
2015-06-17,0.0,18.3
2015-06-18,0.0,17.6
2015-06-19,0.0,16.4
2015-06-20,0.0,16.4
2015-06-21,2.5,16.8
2015-06-22,5.8,14.3
2015-06-23,0.3,15.8
2015-06-24,0.0,17.8
2015-06-25,0.0,18.9
2015-06-26,0.0,19.3
2015-06-27,0.0,18.6
2015-06-28,0.0,17.9
2015-06-29,1.5,19.4
2015-06-30,0.0,22.6
2015-07-01,0.0,27.9
2015-07-02,0.0,20.5
2015-07-03,0.0,20.2
2015-07-04,9.4,21.3
2015-07-05,0.0,17.8
2015-07-06,0.0,18.2
2015-07-07,0.0,18.3
2015-07-08,0.3,17.3
2015-07-09,0.5,17.4
2015-07-10,0.0,20.2
2015-07-11,0.0,20.2
2015-07-12,0.5,17.7
2015-07-13,3.8,18.1
2015-07-14,1.8,18.7
2015-07-15,2.3,19.1
2015-07-16,0.0,19.4
2015-07-17,6.6,19.4
2015-07-18,0.3,17.7
2015-07-19,0.8,19.2
2015-07-20,0.0,18.4
2015-07-21,0.3,19.6
2015-07-22,0.0,18.4
2015-07-23,0.5,17.2
2015-07-24,0.0,14.9
2015-07-25,37.6,16.3
2015-07-26,0.0,14.4
2015-07-27,7.1,17.1
2015-07-28,0.0,16.2
2015-07-29,0.0,14.8
2015-07-30,0.3,15.3
2015-07-31,0.0,16.4
2015-08-01,0.0,16.3
2015-08-02,0.0,18.9
2015-08-03,0.0,19.2
2015-08-04,0.0,17.7
2015-08-05,0.0,16.7
2015-08-06,4.3,18.7
2015-08-07,0.0,19.1
2015-08-08,0.0,20.4
2015-08-09,0.0,19.9
2015-08-10,0.0,19.3
2015-08-11,0.0,17.5
2015-08-12,1.5,18.6
2015-08-13,0.0,18.3
2015-08-14,7.4,17.8
2015-08-15,1.5,16.8
2015-08-16,0.0,16.4
2015-08-17,0.0,17.9
2015-08-18,0.0,16.6
2015-08-19,0.3,16.3
2015-08-20,6.6,18.4
2015-08-21,0.0,21.1
2015-08-22,0.0,22.4
2015-08-23,0.0,18.7
2015-08-24,3.0,14.7
2015-08-25,13.7,15.3
2015-08-26,5.3,17.2
2015-08-27,48.0,15.6
2015-08-28,3.8,16.1
2015-08-29,0.0,17.3
2015-08-30,3.3,17.4
2015-08-31,7.1,15.1
2015-09-01,10.7,15.2
2015-09-02,0.5,13.7
2015-09-03,0.0,12.9
2015-09-04,0.0,13.6
2015-09-05,0.5,12.7
2015-09-06,0.0,13.2
2015-09-07,0.0,13.7
2015-09-08,0.0,13.7
2015-09-09,0.0,15.0
2015-09-10,0.5,15.9
2015-09-11,0.0,16.4
2015-09-12,0.3,17.2
2015-09-13,0.3,13.6
2015-09-14,9.9,13.9
2015-09-15,1.3,13.6
2015-09-16,0.5,12.9
2015-09-17,18.8,13.7
2015-09-18,0.3,14.5
2015-09-19,9.7,14.5
2015-09-20,0.0,14.0
2015-09-21,0.0,13.5
2015-09-22,5.6,11.6
2015-09-23,0.5,13.0
2015-09-24,1.0,14.9
2015-09-25,1.0,13.0
2015-09-26,0.0,12.3
2015-09-27,0.3,13.1
2015-09-28,0.0,13.4
2015-09-29,0.0,14.2
2015-09-30,0.0,13.9
2015-10-01,0.0,13.7
2015-10-02,0.0,13.1
2015-10-03,0.0,11.8
2015-10-04,0.0,12.1
2015-10-05,0.3,15.4
2015-10-06,11.2,16.2
2015-10-07,5.3,13.8
2015-10-08,0.0,11.4
2015-10-09,0.3,11.8
2015-10-10,0.0,12.1
2015-10-11,0.0,12.1
2015-10-12,0.0,10.8
2015-10-13,0.0,9.9
2015-10-14,0.0,9.6
2015-10-15,0.5,10.6
2015-10-16,0.0,11.9
2015-10-17,0.0,11.4
2015-10-18,0.0,12.4
2015-10-19,0.5,11.8
2015-10-20,0.0,11.3
2015-10-21,1.5,12.0
2015-10-22,4.3,13.2
2015-10-23,0.3,11.7
2015-10-24,0.0,11.5
2015-10-25,3.3,7.0
2015-10-26,0.3,11.2
2015-10-27,0.0,13.9
2015-10-28,1.5,12.7
2015-10-29,3.3,12.4
2015-10-30,4.8,14.1
2015-10-31,2.8,12.6
2015-11-01,0.0,8.7
2015-11-02,0.3,9.9
2015-11-03,0.3,11.4
2015-11-04,2.5,12.7
2015-11-05,1.0,14.2
2015-11-06,2.3,15.2
2015-11-07,2.8,14.9
2015-11-08,7.9,13.0
2015-11-09,0.5,12.9
2015-11-10,0.0,14.8
2015-11-11,0.0,14.1
2015-11-12,0.0,13.2
2015-11-13,0.5,9.9
2015-11-14,1.0,10.4
2015-11-15,7.1,15.0
2015-11-16,0.0,12.9
2015-11-17,2.8,13.9
2015-11-18,3.6,12.9
2015-11-19,1.0,10.9
2015-11-20,2.3,7.8
2015-11-21,0.3,3.5
2015-11-22,1.8,2.3
2015-11-23,0.0,3.8
2015-11-24,3.6,8.2
2015-11-25,1.5,8.4
2015-11-26,0.0,9.4
2015-11-27,0.0,10.8
2015-11-28,1.3,7.1
2015-11-29,0.5,11.2
2015-11-30,2.3,11.5
2015-12-01,1.5,13.0
2015-12-02,0.0,12.3
2015-12-03,0.0,12.5
2015-12-04,2.3,10.1
2015-12-05,0.0,12.4
2015-12-06,0.0,13.0
2015-12-07,0.3,12.6
2015-12-08,1.5,11.2
2015-12-09,1.0,8.2
2015-12-10,0.0,11.1
2015-12-11,4.3,9.1
2015-12-12,0.3,9.9
2015-12-13,1.3,8.2
2015-12-14,0.5,8.7
2015-12-15,0.3,11.2
2015-12-16,5.1,13.7
2015-12-17,0.0,13.1
2015-12-18,0.0,12.3
2015-12-19,0.0,14.6
2015-12-20,0.0,12.1
2015-12-21,1.5,9.6
2015-12-22,2.0,13.3
2015-12-23,4.3,10.4
2015-12-24,0.0,10.0
2015-12-25,2.0,9.8
2015-12-26,1.8,14.4
2015-12-27,0.0,13.8
2015-12-28,0.3,10.8
2015-12-29,1.3,10.6
2015-12-30,0.3,11.9
2015-12-31,7.1,8.7
2016-01-01,2.3,5.1
2016-01-02,1.8,9.9
2016-01-03,6.6,7.8
2016-01-04,7.1,7.4
2016-01-05,0.5,7.6
2016-01-06,0.3,6.5
2016-01-07,4.6,7.3
2016-01-08,5.6,5.6
2016-01-09,0.0,8.6
2016-01-10,10.9,6.1
2016-01-11,11.4,6.1
2016-01-12,0.0,5.5
2016-01-13,0.5,4.7
2016-01-14,3.0,3.9
2016-01-15,0.3,2.9
2016-01-16,0.0,2.3
2016-01-17,1.8,2.4
2016-01-18,2.0,3.2
2016-01-19,0.0,0.7
2016-01-20,0.0,0.3
2016-01-21,0.0,3.1
2016-01-22,0.0,7.6
2016-01-23,2.5,7.2
2016-01-24,1.0,12.0
2016-01-25,0.0,11.2
2016-01-26,0.0,9.1
2016-01-27,3.8,11.5
2016-01-28,2.3,6.3
2016-01-29,0.0,11.2
2016-01-30,5.6,7.7
2016-01-31,0.0,9.1
2016-02-01,1.3,12.3
2016-02-02,0.0,8.3
2016-02-03,0.3,5.4
2016-02-04,0.0,9.7
2016-02-05,0.0,10.3
2016-02-06,1.3,10.3
2016-02-07,6.9,7.3
2016-02-08,14.5,7.9
2016-02-09,1.8,5.3
2016-02-10,0.5,5.7
2016-02-11,0.5,3.2
2016-02-12,0.3,3.7
2016-02-13,0.0,3.8
2016-02-14,4.1,3.7
2016-02-15,0.0,2.6
2016-02-16,0.0,2.5
2016-02-17,0.0,4.2
2016-02-18,8.9,4.1
2016-02-19,0.3,5.1
2016-02-20,0.3,10.8
2016-02-21,2.3,12.8
2016-02-22,1.5,8.7
2016-02-23,0.8,5.8
2016-02-24,0.0,3.5
2016-02-25,0.0,2.1
2016-02-26,0.0,3.9
2016-02-27,0.0,4.6
2016-02-28,0.0,4.8
2016-02-29,0.0,4.8
2016-03-01,0.3,8.8
2016-03-02,6.4,5.6
2016-03-03,4.1,6.3
2016-03-04,2.3,5.1
2016-03-05,0.0,3.0
2016-03-06,0.5,3.8
2016-03-07,0.0,4.2
2016-03-08,0.0,3.8
2016-03-09,11.7,7.9
2016-03-10,9.4,6.5
2016-03-11,0.3,4.9
2016-03-12,0.0,6.2
2016-03-13,0.0,5.9
2016-03-14,0.0,6.7
2016-03-15,0.0,6.1
2016-03-16,0.0,7.3
2016-03-17,0.0,6.6
2016-03-18,0.0,5.1
2016-03-19,0.0,6.8
2016-03-20,0.0,7.4
2016-03-21,0.0,8.7
2016-03-22,0.0,7.6
2016-03-23,,8.6
2016-03-24,0.0,8.1
2016-03-25,7.9,10.4
2016-03-26,0.0,9.4
2016-03-27,4.3,7.9
2016-03-28,17.8,8.2
2016-03-29,3.3,7.7
2016-03-30,5.1,8.4
2016-03-31,0.0,8.4
2016-04-01,0.0,7.7
2016-04-02,0.0,10.2
2016-04-03,3.3,11.0
2016-04-04,0.5,10.4
2016-04-05,0.3,10.6
2016-04-06,0.0,8.7
2016-04-07,1.0,7.0
2016-04-08,6.6,8.7
2016-04-09,0.5,7.9
2016-04-10,1.5,7.7
2016-04-11,1.3,11.4
2016-04-12,3.0,11.7
2016-04-13,0.0,11.3
2016-04-14,0.5,11.9
2016-04-15,2.5,10.0
2016-04-16,16.5,6.3
2016-04-17,0.3,6.7
2016-04-18,0.0,8.6
2016-04-19,0.0,11.4
2016-04-20,0.0,9.3
2016-04-21,0.0,10.6
2016-04-22,0.0,8.7
2016-04-23,5.8,7.3
2016-04-24,0.0,7.2
2016-04-25,0.3,7.8
2016-04-26,0.8,5.7
2016-04-27,0.3,6.3
2016-04-28,0.0,7.1
2016-04-29,1.5,7.9
2016-04-30,1.3,7.7
2016-05-01,0.3,9.8
2016-05-02,0.0,12.2
2016-05-03,0.5,10.5
2016-05-04,0.0,11.9
2016-05-05,0.0,13.8
2016-05-06,0.0,16.1
2016-05-07,0.0,17.8
2016-05-08,0.0,20.2
2016-05-09,0.0,18.6
2016-05-10,2.5,15.9
2016-05-11,27.7,16.1
2016-05-12,5.6,17.1
2016-05-13,0.0,12.6
2016-05-14,0.0,10.2
2016-05-15,0.0,11.8
2016-05-16,0.0,13.3
2016-05-17,0.0,12.9
2016-05-18,0.0,12.1
2016-05-19,7.4,13.4
2016-05-20,0.0,15.1
2016-05-21,0.0,14.7
2016-05-22,0.3,14.1
2016-05-23,3.3,13.9
2016-05-24,1.0,12.4
2016-05-25,0.0,10.6
2016-05-26,0.0,14.2
2016-05-27,0.0,15.6
2016-05-28,0.0,15.2
2016-05-29,0.0,13.8
2016-05-30,0.0,14.1
2016-05-31,0.0,12.0
2016-06-01,12.4,12.7
2016-06-02,0.0,11.2
2016-06-03,0.0,11.3
2016-06-04,0.0,15.5
2016-06-05,0.0,17.2
2016-06-06,0.0,18.0
2016-06-07,0.0,18.6
2016-06-08,11.7,18.6
2016-06-09,1.3,17.1
2016-06-10,0.3,18.0
2016-06-11,0.0,18.5
2016-06-12,0.0,16.4
2016-06-13,4.1,16.2
2016-06-14,4.3,15.4
2016-06-15,3.3,15.1
2016-06-16,2.8,14.7
2016-06-17,14.7,15.4
2016-06-18,3.0,14.4
2016-06-19,0.0,15.8
2016-06-20,2.3,17.3
2016-06-21,10.7,17.4
2016-06-22,0.0,18.2
2016-06-23,20.3,19.2
2016-06-24,7.1,16.9
2016-06-25,0.0,15.6
2016-06-26,1.5,15.6
2016-06-27,1.3,17.7
2016-06-28,0.0,15.4
2016-06-29,2.0,14.3
2016-06-30,2.3,16.8
2016-07-01,0.0,15.9
2016-07-02,1.5,15.1
2016-07-03,0.3,15.9
2016-07-04,0.0,16.6
2016-07-05,0.0,17.3
2016-07-06,0.0,16.8
2016-07-07,0.0,18.6
2016-07-08,0.0,18.6
2016-07-09,0.0,19.1
2016-07-10,0.0,18.8
2016-07-11,0.3,17.4
2016-07-12,1.0,15.2
2016-07-13,5.3,14.9
2016-07-14,2.0,16.3
2016-07-15,0.0,16.3
2016-07-16,0.0,20.9
2016-07-17,0.0,21.8
2016-07-18,0.0,22.4
2016-07-19,0.0,25.4
2016-07-20,0.0,24.2
2016-07-21,0.0,19.6
2016-07-22,0.5,20.3
2016-07-23,0.5,21.9
2016-07-24,0.0,19.5
2016-07-25,0.3,19.3
2016-07-26,0.0,18.5
2016-07-27,0.0,19.9
2016-07-28,3.3,18.3
2016-07-29,1.3,19.1
2016-07-30,0.5,18.6
2016-07-31,0.0,18.1
2016-08-01,0.0,15.3
2016-08-02,13.0,18.5
2016-08-03,0.3,20.1
2016-08-04,0.0,18.3
2016-08-05,0.0,18.5
2016-08-06,0.0,19.2
2016-08-07,0.0,20.9
2016-08-08,0.0,17.8
2016-08-09,0.0,15.7
2016-08-10,0.0,15.6
2016-08-11,0.0,18.5
2016-08-12,0.0,19.8
2016-08-13,0.0,19.5
2016-08-14,0.0,19.0
2016-08-15,0.0,18.1
2016-08-16,0.0,18.1
2016-08-17,0.0,19.4
2016-08-18,0.0,19.9
2016-08-19,0.0,17.4
2016-08-20,2.0,17.1
2016-08-21,0.8,17.8
2016-08-22,0.8,19.7
2016-08-23,0.0,22.1
2016-08-24,0.0,24.7
2016-08-25,2.5,22.8
2016-08-26,0.0,21.7
2016-08-27,0.0,20.9
2016-08-28,0.0,18.7
2016-08-29,2.3,19.3
2016-08-30,0.0,19.5
2016-08-31,0.0,18.1
2016-09-01,0.0,17.8
2016-09-02,0.0,16.9
2016-09-03,0.3,16.4
2016-09-04,4.8,17.7
2016-09-05,2.3,18.1
2016-09-06,0.8,21.2
2016-09-07,0.0,21.7
2016-09-08,0.0,19.0
2016-09-09,0.0,19.1
2016-09-10,0.0,17.8
2016-09-11,3.3,14.9
2016-09-12,0.3,18.5
2016-09-13,0.0,23.7
2016-09-14,0.0,22.6
2016-09-15,0.0,20.8
2016-09-16,13.2,16.2
2016-09-17,8.9,14.5
2016-09-18,0.0,16.8
2016-09-19,0.0,15.9
2016-09-20,1.8,16.2
2016-09-21,0.0,17.3
2016-09-22,0.0,16.3
2016-09-23,0.0,14.3
2016-09-24,0.0,17.6
2016-09-25,1.5,16.5
2016-09-26,0.0,13.8
2016-09-27,0.8,15.8
2016-09-28,0.0,16.7
2016-09-29,0.0,16.4
2016-09-30,1.5,13.8
2016-10-01,1.5,11.5
2016-10-02,4.3,11.7
2016-10-03,0.0,11.5
2016-10-04,0.0,13.8
2016-10-05,0.0,13.4
2016-10-06,0.0,11.8
2016-10-07,0.0,12.9
2016-10-08,0.0,13.1
2016-10-09,0.0,11.3
2016-10-10,0.3,9.6
2016-10-11,0.0,10.2
2016-10-12,0.3,11.8
2016-10-13,5.1,10.8
2016-10-14,0.0,11.6
2016-10-15,0.0,12.3
2016-10-16,3.8,12.8
2016-10-17,6.9,12.4
2016-10-18,1.8,10.8
2016-10-19,0.0,11.1
2016-10-20,0.0,10.9
2016-10-21,0.0,10.4
2016-10-22,0.0,9.1
2016-10-23,0.0,9.6
2016-10-24,0.0,11.1
2016-10-25,0.0,11.0
2016-10-26,0.5,12.1
2016-10-27,0.0,11.6
2016-10-28,0.0,13.8
2016-10-29,0.0,13.2
2016-10-30,0.0,10.4
2016-10-31,0.3,12.6
2016-11-01,0.0,9.1
2016-11-02,0.0,6.3
2016-11-03,0.0,6.4
2016-11-04,0.5,8.2
2016-11-05,5.6,5.3
2016-11-06,0.0,4.4
2016-11-07,1.5,5.8
2016-11-08,0.0,3.1
2016-11-09,16.8,6.3
2016-11-10,6.4,6.6
2016-11-11,1.0,6.3
2016-11-12,0.0,8.8
2016-11-13,8.9,7.9
2016-11-14,0.3,9.6
2016-11-15,0.3,13.7
2016-11-16,0.3,12.1
2016-11-17,4.8,8.9
2016-11-18,0.8,4.9
2016-11-19,0.0,4.6
2016-11-20,17.3,6.9
2016-11-21,10.2,8.8
2016-11-22,11.7,9.7
2016-11-23,0.3,7.9
2016-11-24,0.0,9.5
2016-11-25,0.0,7.5
2016-11-26,0.0,5.4
2016-11-27,0.3,6.9
2016-11-28,0.0,6.3
2016-11-29,0.0,1.8
2016-11-30,0.0,0.2
2016-12-01,0.0,1.7
2016-12-02,0.0,5.9
2016-12-03,0.3,5.7
2016-12-04,0.0,3.3
2016-12-05,0.0,3.0
2016-12-06,0.0,6.5
2016-12-07,0.0,10.8
2016-12-08,0.0,11.5
2016-12-09,0.0,12.0
2016-12-10,0.0,11.6
2016-12-11,4.3,6.6
2016-12-12,0.0,7.2
2016-12-13,1.0,10.5
2016-12-14,0.3,9.3
2016-12-15,0.0,8.7
2016-12-16,0.0,9.6
2016-12-17,0.0,6.3
2016-12-18,0.0,6.7
2016-12-19,0.0,5.6
2016-12-20,0.8,5.3
2016-12-21,0.0,9.2
2016-12-22,0.3,6.3
2016-12-23,0.3,8.5
2016-12-24,1.5,8.4
2016-12-25,0.0,11.8
2016-12-26,1.0,7.3
2016-12-27,0.0,2.4
2016-12-28,0.0,2.2
2016-12-29,0.3,2.2
2016-12-30,0.5,1.3
2016-12-31,0.0,6.0
2017-01-01,0.3,6.2
2017-01-02,6.6,2.9
2017-01-03,0.0,1.7
2017-01-04,0.3,4.7
2017-01-05,0.0,1.6
2017-01-06,0.0,2.4
2017-01-07,6.1,9.2
2017-01-08,0.3,8.7
2017-01-09,1.5,8.0
2017-01-10,3.0,6.4
2017-01-11,0.0,8.4
2017-01-12,0.0,4.7
2017-01-13,15.5,2.8
2017-01-14,0.3,2.7
2017-01-15,2.3,5.6
2017-01-16,5.3,5.6
2017-01-17,3.6,2.6
2017-01-18,0.0,0.9
2017-01-19,0.0,1.8
2017-01-20,0.0,1.8
2017-01-21,0.0,0.4
2017-01-22,0.0,0.0
2017-01-23,0.0,0.4
2017-01-24,0.3,3.1
2017-01-25,0.0,1.0
2017-01-26,0.3,-0.6
2017-01-27,0.0,3.2
2017-01-28,0.0,7.1
2017-01-29,1.0,5.9
2017-01-30,10.4,7.7
2017-01-31,0.8,7.2
2017-02-01,3.0,10.2
2017-02-02,1.5,10.3
2017-02-03,2.0,8.3
2017-02-04,2.0,5.1
2017-02-05,1.0,4.5
2017-02-06,0.0,4.0
2017-02-07,7.1,6.8
2017-02-08,0.3,4.4
2017-02-09,0.0,2.0
2017-02-10,0.5,1.5
2017-02-11,0.5,1.7
2017-02-12,1.3,3.1
2017-02-13,0.0,6.0
2017-02-14,0.0,7.0
2017-02-15,0.0,9.0
2017-02-16,1.5,8.3
2017-02-17,0.3,8.9
2017-02-18,0.0,7.7
2017-02-19,0.0,8.3
2017-02-20,0.0,12.4
2017-02-21,1.5,11.7
2017-02-22,0.3,12.0
2017-02-23,0.3,9.6
2017-02-24,2.0,5.9
2017-02-25,0.0,8.4
2017-02-26,1.3,10.3
2017-02-27,7.1,6.9
2017-02-28,7.1,4.6
2017-03-01,1.5,7.2
2017-03-02,0.5,7.8
2017-03-03,0.0,8.2
2017-03-04,6.1,8.6
2017-03-05,0.3,7.4
2017-03-06,4.6,6.9
2017-03-07,0.0,7.4
2017-03-08,2.0,10.9
2017-03-09,0.8,12.8
2017-03-10,0.0,9.5
2017-03-11,0.0,12.3
2017-03-12,0.0,10.8
2017-03-13,3.3,10.5
2017-03-14,0.0,11.2
2017-03-15,0.0,12.1
2017-03-16,0.0,9.3
2017-03-17,0.0,8.5
2017-03-18,0.0,12.4
2017-03-19,0.5,12.8
2017-03-20,0.8,10.9
2017-03-21,1.3,7.7
2017-03-22,0.0,7.2
2017-03-23,5.8,8.4
2017-03-24,0.0,8.8
2017-03-25,0.0,9.4
2017-03-26,0.0,9.8
2017-03-27,0.0,9.9
2017-03-28,0.0,11.1
2017-03-29,0.0,13.1
2017-03-30,0.0,15.9
2017-03-31,0.0,13.0
2017-04-01,0.3,11.6
2017-04-02,0.0,11.1
2017-04-03,0.0,10.8
2017-04-04,0.3,11.7
2017-04-05,0.0,10.3
2017-04-06,0.0,11.6
2017-04-07,0.0,11.7
2017-04-08,0.0,12.7
2017-04-09,0.0,15.6
2017-04-10,0.0,11.1
2017-04-11,0.0,10.9
2017-04-12,0.0,11.6
2017-04-13,0.0,10.4
2017-04-14,0.0,11.4
2017-04-15,0.0,11.3
2017-04-16,0.0,10.6
2017-04-17,0.5,9.7
2017-04-18,0.0,8.6
2017-04-19,0.0,8.9
2017-04-20,0.0,10.6
2017-04-21,0.5,12.2
2017-04-22,0.0,11.9
2017-04-23,0.0,11.3
2017-04-24,0.0,9.9
2017-04-25,0.3,6.0
2017-04-26,0.0,6.1
2017-04-27,1.5,6.8
2017-04-28,0.3,10.4
2017-04-29,0.0,10.8
2017-04-30,0.0,13.3
2017-05-01,1.5,10.3
2017-05-02,1.0,11.4
2017-05-03,0.3,9.6
2017-05-04,1.0,11.1
2017-05-05,0.0,11.7
2017-05-06,0.0,12.2
2017-05-07,0.0,12.5
2017-05-08,0.0,9.7
2017-05-09,0.0,10.1
2017-05-10,0.0,11.6
2017-05-11,0.0,14.2
2017-05-12,2.0,14.8
2017-05-13,0.5,14.3
2017-05-14,3.3,14.7
2017-05-15,0.0,14.3
2017-05-16,0.5,18.5
2017-05-17,14.7,15.2
2017-05-18,18.5,12.3
2017-05-19,9.9,11.6
2017-05-20,0.5,11.9
2017-05-21,0.5,14.6
2017-05-22,0.0,17.8
2017-05-23,0.0,16.6
2017-05-24,0.0,19.9
2017-05-25,0.0,20.1
2017-05-26,0.0,20.8
2017-05-27,0.0,18.6
2017-05-28,0.0,17.3
2017-05-29,12.2,17.3
2017-05-30,0.3,17.3
2017-05-31,0.0,17.6
2017-06-01,0.0,18.9
2017-06-02,0.0,19.4
2017-06-03,6.9,17.1
2017-06-04,0.0,14.9
2017-06-05,0.0,14.5
2017-06-06,5.1,13.1
2017-06-07,16.3,15.2
2017-06-08,0.8,15.4
2017-06-09,1.0,16.3
2017-06-10,0.0,18.4
2017-06-11,0.0,18.8
2017-06-12,0.0,15.8
2017-06-13,0.0,18.2
2017-06-14,0.0,20.8
2017-06-15,0.0,19.0
2017-06-16,0.0,17.9
2017-06-17,0.0,22.8
2017-06-18,0.0,24.9
2017-06-19,0.0,25.7
2017-06-20,0.0,24.4
2017-06-21,0.0,25.0
2017-06-22,0.0,20.9
2017-06-23,0.0,18.9
2017-06-24,0.0,19.3
2017-06-25,0.0,18.5
2017-06-26,0.0,18.9
2017-06-27,0.0,17.1
2017-06-28,16.3,15.3
2017-06-29,0.0,15.1
2017-06-30,0.0,17.7
2017-07-01,0.3,18.3
2017-07-02,0.3,19.2
2017-07-03,0.0,19.2
2017-07-04,0.0,19.6
2017-07-05,0.0,22.2
2017-07-06,0.0,25.0
2017-07-07,0.0,23.0
2017-07-08,0.0,21.7
2017-07-09,0.0,22.4
2017-07-10,0.0,20.7
2017-07-11,0.0,16.1
2017-07-12,36.6,17.3
2017-07-13,0.3,18.5
2017-07-14,0.0,17.8
2017-07-15,0.0,18.1
2017-07-16,0.5,21.3
2017-07-17,0.5,20.6
2017-07-18,0.0,21.4
2017-07-19,4.3,19.9
2017-07-20,0.5,17.8
2017-07-21,0.0,17.5
2017-07-22,13.7,14.9
2017-07-23,9.7,15.3
2017-07-24,0.8,16.6
2017-07-25,0.0,17.9
2017-07-26,0.0,17.5
2017-07-27,1.8,16.6
2017-07-28,7.1,16.8
2017-07-29,1.3,17.1
2017-07-30,13.2,17.2
2017-07-31,0.0,17.5
2017-08-01,0.0,17.1
2017-08-02,0.8,16.8
2017-08-03,7.1,18.4
2017-08-04,0.0,18.3
2017-08-05,0.0,16.8
2017-08-06,0.5,16.2
2017-08-07,0.0,16.7
2017-08-08,0.3,15.2
2017-08-09,1.0,14.1
2017-08-10,22.1,16.1
2017-08-11,0.0,16.1
2017-08-12,0.0,18.7
2017-08-13,0.0,17.2
2017-08-14,0.0,17.6
2017-08-15,0.0,18.2
2017-08-16,0.0,16.9
2017-08-17,3.8,19.4
2017-08-18,3.8,16.1
2017-08-19,7.1,16.1
2017-08-20,0.0,15.1
2017-08-21,6.6,16.7
2017-08-22,0.3,19.3
2017-08-23,0.3,18.7
2017-08-24,0.0,17.0
2017-08-25,0.0,18.1
2017-08-26,0.0,19.6
2017-08-27,0.0,20.4
2017-08-28,0.0,21.3
2017-08-29,0.0,20.0
2017-08-30,0.3,13.9
2017-08-31,3.6,14.3
2017-09-01,1.5,16.1
2017-09-02,0.0,15.8
2017-09-03,0.0,13.7
2017-09-04,6.1,17.7
2017-09-05,0.3,17.6
2017-09-06,1.5,15.8
2017-09-07,0.0,15.8
2017-09-08,0.8,15.8
2017-09-09,6.1,13.2
2017-09-10,7.1,13.3
2017-09-11,0.5,14.4
2017-09-12,0.8,14.3
2017-09-13,2.5,14.8
2017-09-14,0.0,12.2
2017-09-15,0.0,11.6
2017-09-16,0.3,11.7
2017-09-17,0.3,12.6
2017-09-18,0.5,13.2
2017-09-19,3.6,12.1
2017-09-20,0.0,13.7
2017-09-21,0.0,15.1
2017-09-22,2.5,12.7
2017-09-23,0.3,15.1
2017-09-24,0.0,16.1
2017-09-25,6.1,16.2
2017-09-26,0.3,16.2
2017-09-27,0.0,15.8
2017-09-28,14.7,16.3
2017-09-29,1.8,16.2
2017-09-30,0.8,13.8
2017-10-01,1.8,16.2
2017-10-02,0.3,14.9
2017-10-03,0.0,12.1
2017-10-04,0.0,12.5
2017-10-05,0.0,14.3
2017-10-06,0.5,11.8
2017-10-07,0.0,14.2
2017-10-08,0.5,13.6
2017-10-09,0.0,13.6
2017-10-10,0.0,14.3
2017-10-11,0.0,15.2
2017-10-12,1.0,13.2
2017-10-13,2.3,16.3
2017-10-14,0.0,16.9
2017-10-15,0.0,14.7
2017-10-16,0.0,16.2
2017-10-17,0.0,12.5
2017-10-18,0.3,13.4
2017-10-19,1.3,15.3
2017-10-20,2.3,13.2
2017-10-21,2.0,13.5
2017-10-22,0.5,11.5
2017-10-23,0.0,13.6
2017-10-24,0.3,16.3
2017-10-25,0.3,15.3
2017-10-26,0.0,13.1
2017-10-27,0.5,11.7
2017-10-28,0.0,11.0
2017-10-29,0.0,12.2
2017-10-30,0.0,7.3
2017-10-31,0.0,9.8
2017-11-01,0.0,10.7
2017-11-02,0.0,8.6
2017-11-03,0.3,10.2
2017-11-04,3.6,11.2
2017-11-05,1.5,6.7
2017-11-06,0.0,5.6
2017-11-07,0.3,9.5
2017-11-08,5.3,7.0
2017-11-09,0.0,8.5
2017-11-10,0.0,10.0
2017-11-11,6.6,8.8
2017-11-12,3.8,7.1
2017-11-13,0.3,5.1
2017-11-14,0.0,9.3
2017-11-15,0.5,10.2
2017-11-16,0.0,10.6
2017-11-17,0.3,5.2
2017-11-18,0.0,7.3
2017-11-19,4.1,5.3
2017-11-20,0.8,10.4
2017-11-21,1.3,12.9
2017-11-22,0.0,14.4
2017-11-23,2.0,11.2
2017-11-24,0.8,6.1
2017-11-25,0.0,3.3
2017-11-26,0.3,4.2
2017-11-27,1.5,8.4
2017-11-28,1.5,4.9
2017-11-29,0.0,4.0
2017-11-30,0.0,2.2
2017-12-01,0.0,4.3
2017-12-02,0.0,4.6
2017-12-03,0.5,8.5
2017-12-04,0.3,7.6
2017-12-05,0.0,7.9
2017-12-06,0.0,9.5
2017-12-07,0.0,8.9
2017-12-08,3.0,2.8
2017-12-09,0.0,1.2
2017-12-10,5.3,1.6
2017-12-11,15.0,1.8
2017-12-12,7.9,0.7
2017-12-13,3.0,6.6
2017-12-14,7.4,4.2
2017-12-15,0.0,4.1
2017-12-16,1.5,2.9
2017-12-17,0.3,3.9
2017-12-18,3.3,4.6
2017-12-19,0.0,3.5
2017-12-20,0.3,9.3
2017-12-21,0.3,10.9
2017-12-22,0.0,10.6
2017-12-23,0.3,9.4
2017-12-24,0.0,9.3
2017-12-25,0.3,10.0
2017-12-26,5.3,5.9
2017-12-27,9.1,3.6
2017-12-28,2.5,1.3
2017-12-29,0.3,4.5
2017-12-30,9.1,11.1
2017-12-31,1.8,10.6
2018-01-01,5.1,6.7
2018-01-02,,7.6
2018-01-03,10.7,9.2
2018-01-04,4.3,8.4
2018-01-05,5.8,6.2
2018-01-06,0.3,3.4
2018-01-07,0.0,3.3
2018-01-08,,4.4
2018-01-09,,5.3
2018-01-10,0.5,7.6
2018-01-11,0.0,6.1
2018-01-12,0.3,6.7
2018-01-13,0.3,6.1
2018-01-14,0.0,5.0
2018-01-15,1.5,8.3
2018-01-16,3.8,5.8
2018-01-17,0.0,5.0
2018-01-18,0.5,7.8
2018-01-19,0.0,3.6
2018-01-20,,3.6
2018-01-21,,3.8
2018-01-22,,9.0
2018-01-23,,10.6
2018-01-24,7.1,10.1
2018-01-25,,7.4
2018-01-26,,5.6
2018-01-27,,7.4
2018-01-28,,11.5
2018-01-29,0.0,10.2
2018-01-30,0.5,4.4
2018-01-31,0.5,6.8
2018-02-01,2.5,5.3
2018-02-02,0.0,5.7
2018-02-03,0.0,3.9
2018-02-04,5.8,3.3
2018-02-05,0.0,2.5
2018-02-06,0.0,1.7
2018-02-07,0.0,2.2
2018-02-08,0.0,3.1
2018-02-09,4.3,4.9
2018-02-10,1.3,4.2
2018-02-11,3.3,5.1
2018-02-12,0.0,2.9
2018-02-13,0.3,4.2
2018-02-14,2.3,3.2
2018-02-15,5.1,7.4
2018-02-16,0.0,4.7
2018-02-17,0.0,5.5
2018-02-18,0.0,5.9
2018-02-19,0.5,8.7
2018-02-20,1.5,8.5
2018-02-21,0.8,4.7
2018-02-22,0.0,3.2
2018-02-23,0.0,1.7
2018-02-24,0.0,2.1
2018-02-25,0.0,1.6
2018-02-26,0.0,-0.2
2018-02-27,0.0,-2.3
2018-02-28,0.0,-4.1
2018-03-01,0.0,-2.6
2018-03-02,0.0,-0.8
2018-03-03,0.0,2.3
2018-03-04,4.8,6.1
2018-03-05,0.3,7.1
2018-03-06,1.5,7.2
2018-03-07,1.0,6.3
2018-03-08,4.3,6.9
2018-03-09,0.0,6.4
2018-03-10,6.4,10.8
2018-03-11,0.3,8.8
2018-03-12,4.3,8.8
2018-03-13,6.1,7.8
2018-03-14,0.0,8.3
2018-03-15,7.1,9.7
2018-03-16,1.5,9.7
2018-03-17,1.8,1.3
2018-03-18,0.5,-0.6
2018-03-19,0.0,1.3
2018-03-20,3.3,4.6
2018-03-21,0.0,5.3
2018-03-22,0.0,7.4
2018-03-23,0.0,8.9
2018-03-24,2.3,7.9
2018-03-25,0.3,9.0
2018-03-26,0.0,8.6
2018-03-27,3.0,9.1
2018-03-28,3.0,5.8
2018-03-29,10.7,4.8
2018-03-30,7.9,5.5
2018-03-31,12.7,5.7
2018-04-01,1.8,5.7
2018-04-02,11.7,8.3
2018-04-03,4.6,11.0
2018-04-04,0.5,9.6
2018-04-05,0.3,7.7
2018-04-06,0.0,10.2
2018-04-07,0.0,12.1
2018-04-08,0.8,10.0
2018-04-09,7.1,8.9
2018-04-10,11.9,10.7
2018-04-11,5.1,9.2
2018-04-12,1.0,8.1
2018-04-13,0.3,8.8
2018-04-14,0.0,12.9
2018-04-15,0.0,11.6
2018-04-16,0.5,11.2
2018-04-17,0.0,14.3
2018-04-18,0.0,17.7
2018-04-19,0.0,20.0
2018-04-20,0.0,18.7
2018-04-21,0.0,17.6
2018-04-22,10.9,16.5
2018-04-23,0.0,11.8
2018-04-24,0.0,13.1
2018-04-25,0.3,11.0
2018-04-26,0.5,10.4
2018-04-27,1.0,9.6
2018-04-28,4.6,8.4
2018-04-29,0.8,7.3
2018-04-30,1.0,7.2
2018-05-01,2.3,8.3
2018-05-02,0.5,10.0
2018-05-03,4.3,10.9
2018-05-04,0.0,14.6
2018-05-05,0.0,15.6
2018-05-06,0.0,17.4
2018-05-07,0.0,19.8
2018-05-08,0.0,17.9
2018-05-09,0.0,13.9
2018-05-10,1.5,12.8
2018-05-11,0.0,13.2
2018-05-12,0.0,11.8
2018-05-13,9.1,12.8
2018-05-14,0.0,14.9
2018-05-15,0.0,16.8
2018-05-16,0.0,12.7
2018-05-17,0.0,11.8
2018-05-18,0.0,12.3
2018-05-19,0.0,14.9
2018-05-20,0.0,15.3
2018-05-21,0.0,16.7
2018-05-22,0.0,16.8
2018-05-23,0.0,13.7
2018-05-24,19.3,14.0
2018-05-25,2.3,15.3
2018-05-26,0.0,19.8
2018-05-27,10.9,20.7
2018-05-28,0.0,19.6
2018-05-29,0.0,15.3
2018-05-30,10.7,15.6
2018-05-31,0.0,18.7
2018-06-01,0.0,18.6
2018-06-02,0.0,18.6
2018-06-03,0.0,19.8
2018-06-04,0.0,16.2
2018-06-05,0.0,14.3
2018-06-06,0.0,15.8
2018-06-07,0.0,16.7
2018-06-08,0.0,17.7
2018-06-09,0.0,16.8
2018-06-10,0.0,18.2
2018-06-11,0.0,18.4
2018-06-12,0.0,15.3
2018-06-13,0.0,16.2
2018-06-14,0.0,17.7
2018-06-15,0.0,17.1
2018-06-16,0.0,16.1
2018-06-17,0.0,15.5
2018-06-18,0.5,19.2
2018-06-19,0.0,20.2
2018-06-20,0.0,18.8
2018-06-21,0.0,15.6
2018-06-22,0.0,16.5
2018-06-23,0.0,18.1
2018-06-24,0.0,19.9
2018-06-25,0.0,21.9
2018-06-26,0.0,21.7
2018-06-27,0.0,19.3
2018-06-28,0.0,19.4
2018-06-29,0.0,20.5
2018-06-30,0.0,20.3
2018-07-01,0.0,23.4
2018-07-02,0.0,23.3
2018-07-03,0.0,20.9
2018-07-04,0.0,20.3
2018-07-05,0.0,23.2
2018-07-06,0.0,23.8
2018-07-07,0.0,24.5
2018-07-08,0.0,23.5
2018-07-09,0.0,23.1
2018-07-10,0.0,18.7
2018-07-11,0.0,18.6
2018-07-12,0.0,19.2
2018-07-13,0.0,20.6
2018-07-14,0.0,21.8
2018-07-15,0.0,22.8
2018-07-16,0.0,22.7
2018-07-17,0.0,19.1
2018-07-18,0.0,20.1
2018-07-19,0.0,21.8
2018-07-20,0.0,21.2
2018-07-21,0.0,21.7
2018-07-22,0.0,22.7
2018-07-23,0.0,25.1
2018-07-24,0.0,23.5
2018-07-25,0.0,24.3
2018-07-26,0.0,26.6
2018-07-27,0.0,23.0
2018-07-28,3.3,18.9
2018-07-29,0.3,18.1
2018-07-30,6.1,19.8
2018-07-31,5.3,19.6
2018-08-01,0.0,19.4
2018-08-02,0.0,22.3
2018-08-03,0.0,25.1
2018-08-04,0.0,23.6
2018-08-05,0.0,23.2
2018-08-06,0.0,24.2
2018-08-07,0.0,23.2
2018-08-08,0.0,19.1
2018-08-09,0.5,15.6
2018-08-10,7.9,15.2
2018-08-11,2.3,15.8
2018-08-12,0.5,18.2
2018-08-13,1.5,19.2
2018-08-14,0.0,19.1
2018-08-15,0.0,19.7
2018-08-16,0.0,17.6
2018-08-17,9.9,17.3
2018-08-18,0.0,18.8
2018-08-19,0.0,20.8
2018-08-20,0.0,21.3
2018-08-21,0.0,21.6
2018-08-22,0.0,19.1
2018-08-23,0.0,18.7
2018-08-24,1.3,14.0
2018-08-25,5.3,13.4
2018-08-26,0.0,14.5
2018-08-27,10.9,16.7
2018-08-28,0.0,17.3
2018-08-29,4.3,16.1
2018-08-30,3.3,15.4
2018-08-31,0.0,16.6
2018-09-01,0.0,17.8
2018-09-02,0.0,18.1
2018-09-03,0.0,18.2
2018-09-04,0.0,16.6
2018-09-05,0.0,17.6
2018-09-06,0.0,15.7
2018-09-07,0.3,13.6
2018-09-08,0.0,15.2
2018-09-09,0.0,18.3
2018-09-10,0.0,17.3
2018-09-11,0.0,19.2
2018-09-12,3.3,13.6
2018-09-13,0.0,13.0
2018-09-14,0.0,13.9
2018-09-15,0.0,15.0
2018-09-16,0.0,18.3
2018-09-17,,19.5
2018-09-18,,19.8
2018-09-19,0.3,19.0
2018-09-20,0.0,18.8
2018-09-21,4.6,13.8
2018-09-22,0.5,11.4
2018-09-23,7.9,10.6
2018-09-24,0.0,9.4
2018-09-25,0.0,10.6
2018-09-26,0.0,13.9
2018-09-27,0.0,15.3
2018-09-28,0.0,13.5
2018-09-29,0.0,11.1
2018-09-30,0.0,10.3
2018-10-01,0.0,11.0
2018-10-02,0.0,15.6
2018-10-03,0.0,15.2
2018-10-04,0.0,13.7
2018-10-05,0.0,15.8
2018-10-06,0.0,10.1
2018-10-07,10.4,9.7
2018-10-08,0.0,11.6
2018-10-09,0.0,14.4
2018-10-10,0.0,16.1
2018-10-11,0.0,16.8
2018-10-12,3.0,18.0
2018-10-13,0.3,20.4
2018-10-14,3.0,12.8
2018-10-15,36.3,12.5
2018-10-16,0.3,15.7
2018-10-17,0.0,13.6
2018-10-18,1.8,12.2
2018-10-19,0.0,9.7
2018-10-20,0.0,11.7
2018-10-21,0.0,13.0
2018-10-22,0.0,10.0
2018-10-23,,11.1
2018-10-24,0.0,12.7
2018-10-25,0.0,9.8
2018-10-26,0.0,8.6
2018-10-27,1.3,4.7
2018-10-28,0.3,6.2
2018-10-29,0.5,5.1
2018-10-30,0.0,6.3
2018-10-31,0.0,7.1
2018-11-01,4.1,8.9
2018-11-02,4.3,5.5
2018-11-03,0.0,8.5
2018-11-04,0.0,10.6
2018-11-05,0.0,11.3
2018-11-06,0.0,12.6
2018-11-07,4.3,11.7
2018-11-08,5.3,9.4
2018-11-09,0.0,10.5
2018-11-10,7.9,10.9
2018-11-11,21.3,10.4
2018-11-12,1.3,11.1
2018-11-13,0.5,10.2
2018-11-14,0.0,11.2
2018-11-15,0.3,12.5
2018-11-16,0.0,10.8
2018-11-23,0.3,6.8
2018-11-24,0.0,8.3
2018-11-25,0.5,7.2
2018-11-26,0.0,6.2
2018-11-27,0.0,5.8
2018-11-28,6.9,11.8
2018-11-29,2.5,12.0
2018-11-30,2.3,8.6
2018-12-01,0.3,10.2
2018-12-02,7.9,13.7
2018-12-03,0.0,10.9
2018-12-04,2.8,5.5
2018-12-05,3.8,10.1
2018-12-06,1.3,11.9
2018-12-07,0.5,10.2
2018-12-08,7.4,9.6
2018-12-09,1.3,8.9
2018-12-10,1.5,7.2
2018-12-11,0.0,5.4
2018-12-12,0.0,5.5
2018-12-13,0.0,2.3
2018-12-14,0.0,1.9
2018-12-15,0.0,3.4
2018-12-16,10.4,6.9
2018-12-17,4.3,7.4
2018-12-18,0.0,9.4
2018-12-19,8.1,7.7
2018-12-20,1.3,8.3
2018-12-21,0.0,11.4
2018-12-22,0.5,10.0
2018-12-23,1.3,9.3
2018-12-24,5.3,5.4
2018-12-25,0.3,5.3
2018-12-26,0.0,7.5
2018-12-27,0.3,4.4
2018-12-28,0.0,7.8
2018-12-29,0.0,10.1
2018-12-30,0.0,9.2
2018-12-31,0.0,9.4
2019-01-01,0.0,8.5
2019-01-02,0.0,5.2
2019-01-03,0.0,4.8
2019-01-04,0.0,3.1
2019-01-05,0.0,4.6
2019-01-06,0.0,7.8
2019-01-07,0.0,9.2
2019-01-08,0.0,7.1
2019-01-09,0.0,4.2
2019-01-10,0.0,3.3
2019-01-11,0.0,7.5
2019-01-12,0.0,8.9
2019-01-13,0.0,10.5
2019-01-14,0.0,8.1
2019-01-15,0.0,6.7
2019-01-16,0.0,7.6
2019-01-17,5.1,3.5
2019-01-18,0.3,2.3
2019-01-19,0.0,4.1
2019-01-20,0.0,2.0
2019-01-21,0.0,1.8
2019-01-22,5.3,3.4
2019-01-23,4.1,1.6
2019-01-24,1.0,1.3
2019-01-25,0.5,7.2
2019-01-26,0.5,8.3
2019-01-27,5.6,5.8
2019-01-28,1.3,2.9
2019-01-29,0.0,1.9
2019-01-30,5.1,1.4
2019-01-31,0.0,-0.3
2019-02-01,2.0,1.5
2019-02-02,7.9,2.7
2019-02-03,0.0,1.9
2019-02-04,0.8,7.1
2019-02-05,4.3,6.5
2019-02-06,4.3,9.1
2019-02-07,4.1,8.0
2019-02-08,0.3,9.2
2019-02-09,7.9,8.3
2019-02-10,1.5,5.8
2019-02-11,1.5,6.0
2019-02-12,0.0,6.5
2019-02-13,0.0,7.6
2019-02-14,0.0,6.2
2019-02-15,0.0,6.8
2019-02-16,0.3,8.6
2019-02-17,0.0,9.4
2019-02-18,0.0,8.1
2019-02-19,2.8,7.0
2019-02-20,0.0,8.7
2019-02-21,0.0,10.1
2019-02-22,0.0,8.7
2019-02-23,0.0,9.8
2019-02-24,0.0,8.8
2019-02-25,0.0,9.3
2019-02-26,0.0,10.4
2019-02-27,0.0,10.6
2019-02-28,0.0,9.3
2019-03-01,1.5,9.5
2019-03-02,0.0,10.7
2019-03-03,1.5,10.9
2019-03-04,6.1,6.7
2019-03-05,0.5,7.7
2019-03-06,4.1,10.4
2019-03-07,1.5,8.2
2019-03-08,0.3,7.6
2019-03-09,1.3,9.4
2019-03-10,7.9,7.3
2019-03-11,3.3,6.9
2019-03-12,0.5,7.2
2019-03-13,7.9,8.7
2019-03-14,3.0,10.4
2019-03-15,5.8,12.3
2019-03-16,0.0,10.9
2019-03-17,4.3,6.8
2019-03-18,1.8,7.1
2019-03-19,0.0,9.4
2019-03-20,0.0,10.8
2019-03-21,0.0,11.4
2019-03-22,0.0,10.1
2019-03-23,0.0,10.1
2019-03-24,0.0,8.6
2019-03-25,0.0,9.1
2019-03-26,0.0,8.2
2019-03-27,0.0,9.7
2019-03-28,0.0,10.7
2019-03-29,0.0,10.9
2019-03-30,0.0,12.6
2019-03-31,0.0,9.4
2019-04-01,0.0,8.3
2019-04-02,0.0,5.9
2019-04-03,4.3,4.2
2019-04-04,0.5,5.6
2019-04-05,1.8,9.4
2019-04-06,0.0,8.6
2019-04-07,0.0,9.0
2019-04-08,0.3,9.8
2019-04-09,2.8,9.1
2019-04-10,1.8,8.2
2019-04-11,0.0,6.6
2019-04-12,0.0,6.3
2019-04-13,0.0,5.1
2019-04-14,0.0,5.1
2019-04-15,0.0,8.9
2019-04-16,0.0,10.8
2019-04-17,0.0,12.4
2019-04-18,0.0,14.1
2019-04-19,0.0,15.8
2019-04-20,0.0,16.7
2019-04-21,0.0,15.3
2019-04-22,0.0,16.9
2019-04-23,0.0,15.8
2019-04-24,0.0,13.2
2019-04-25,0.5,12.3
2019-04-26,0.0,11.2
2019-04-27,0.5,9.7
2019-04-28,0.3,10.6
2019-04-29,0.0,10.6
2019-04-30,0.0,11.9
2019-05-01,0.0,11.8
2019-05-02,0.0,11.4
2019-05-03,1.5,9.7
2019-05-04,1.8,7.6
2019-05-05,0.3,8.1
2019-05-06,0.0,9.0
2019-05-07,0.0,11.2
2019-05-08,4.3,10.8
2019-05-09,13.7,10.2
2019-05-10,9.1,10.5
2019-05-11,0.0,11.8
2019-05-12,2.0,11.4
2019-05-13,0.3,11.6
2019-05-14,0.0,12.8
2019-05-15,0.0,13.4
2019-05-20,0.0,15.8
2019-05-21,0.0,15.7
2019-05-22,0.0,16.2
2019-05-23,0.0,16.9
2019-05-24,0.0,16.9
2019-05-25,0.0,18.6
2019-05-26,0.0,17.2
2019-05-27,0.0,14.2
2019-05-28,0.3,12.8
2019-05-29,0.0,12.6
2019-05-30,2.8,18.6
2019-05-31,0.0,16.9
2019-06-01,0.0,19.2
2019-06-02,0.0,19.7
2019-06-03,0.0,15.6
2019-06-04,0.0,14.3
2019-06-05,1.5,15.2
2019-06-06,0.0,14.6
2019-06-07,0.0,14.3
2019-06-08,8.4,14.7
2019-06-09,0.5,14.3
2019-06-10,1.0,11.4
2019-06-11,34.0,13.2
2019-06-12,0.0,12.8
2019-06-13,14.5,12.7
2019-06-14,7.6,15.3
2019-06-15,0.0,14.8
2019-06-16,0.8,15.2
2019-06-17,1.3,16.7
2019-06-18,0.0,15.6
2019-06-19,2.3,16.6
2019-06-20,7.4,16.1
2019-06-21,0.0,16.1
2019-06-22,0.0,17.1
2019-06-23,0.0,18.7
2019-06-24,0.0,21.1
2019-06-25,2.8,19.9
2019-06-26,0.0,17.4
2019-06-27,0.0,17.5
2019-06-28,0.0,17.9
2019-06-29,0.0,24.4
2019-06-30,0.0,19.5
2019-07-01,0.0,18.1
2019-07-02,0.0,17.1
2019-07-03,0.0,18.3
2019-07-04,0.0,20.0
2019-07-05,0.0,21.5
2019-07-06,0.0,19.7
2019-07-07,1.5,17.4
2019-07-08,5.1,18.3
2019-07-09,0.0,19.6
2019-07-10,0.0,21.0
2019-07-11,0.0,21.0
2019-07-12,0.0,20.8
2019-07-13,0.0,19.3
2019-07-14,0.0,17.6
2019-07-15,0.5,17.0
2019-07-16,0.0,19.8
2019-07-17,0.0,20.4
2019-07-18,0.5,19.1
2019-07-19,2.3,16.7
2019-07-20,17.5,19.6
2019-07-21,0.0,18.6
2019-07-22,0.0,21.6
2019-07-23,0.0,25.5
2019-07-24,0.8,25.9
2019-07-25,0.0,28.6
2019-07-26,3.6,22.1
2019-07-27,13.0,17.9
2019-07-28,2.0,19.0
2019-07-29,0.0,20.2
2019-07-30,0.0,18.2
2019-07-31,3.8,19.7
2019-08-01,0.0,20.1
2019-08-02,0.0,20.6
2019-08-03,0.0,19.8
2019-08-04,0.0,20.3
2019-08-05,0.0,19.9
2019-08-06,0.5,19.2
2019-08-07,0.0,18.6
2019-08-08,1.3,19.3
2019-08-09,3.0,20.2
2019-08-10,2.0,18.9
2019-08-11,1.5,18.6
2019-08-12,0.0,15.6
2019-08-13,1.5,16.7
2019-08-14,0.0,15.8
2019-08-15,11.7,18.7
2019-08-16,0.0,16.1
2019-08-17,5.6,18.6
2019-08-18,0.0,16.8
2019-08-19,5.1,16.6
2019-08-20,1.3,16.3
2019-08-21,0.0,16.6
2019-08-22,0.0,18.2
2019-08-23,0.0,20.1
2019-08-24,0.0,21.8
2019-08-25,0.0,24.6
2019-08-26,0.0,24.8
2019-08-27,0.0,24.6
2019-08-28,0.3,20.2
2019-08-29,0.3,17.6
2019-08-30,0.0,18.2
2019-08-31,0.0,16.9
2019-09-01,0.0,15.9
2019-09-02,0.0,16.0
2019-09-03,0.0,17.9
2019-09-04,7.1,17.2
2019-09-05,0.0,14.8
2019-09-06,0.0,13.7
2019-09-07,0.0,14.5
2019-09-08,0.0,12.8
2019-09-09,0.0,13.7
2019-09-10,0.0,15.6
2019-09-11,0.0,17.5
2019-09-12,0.0,18.4
2019-09-13,0.0,17.4
2019-09-14,0.0,16.6
2019-09-15,0.0,18.4
2019-09-16,0.0,17.1
2019-09-17,0.8,14.9
2019-09-18,0.0,13.9
2019-09-19,0.0,14.8
2019-09-20,0.0,15.4
2019-09-21,0.0,18.2
2019-09-22,0.0,17.4
2019-09-23,1.8,15.9
2019-09-24,8.4,16.8
2019-09-25,23.1,17.1
2019-09-26,1.8,16.7
2019-09-27,2.5,15.2
2019-09-28,1.3,15.3
2019-09-29,4.6,16.0
2019-09-30,4.3,14.1
2019-10-01,7.1,15.7
2019-10-02,9.4,10.4
2019-10-03,0.0,9.4
2019-10-04,1.8,13.4
2019-10-05,0.5,13.5
2019-10-06,15.7,14.4
2019-10-07,1.3,13.2
2019-10-08,1.8,13.7
2019-10-09,3.3,12.3
2019-10-10,0.3,13.4
2019-10-11,3.0,15.4
2019-10-12,7.1,11.6
2019-10-13,12.7,13.7
2019-10-14,2.0,12.8
2019-10-15,5.6,12.8
2019-10-16,0.3,12.9
2019-10-17,0.5,11.5
2019-10-18,10.2,11.8
2019-10-19,2.3,11.3
2019-10-20,0.5,9.1
2019-10-21,0.3,11.6
2019-10-22,0.5,10.2
2019-10-23,0.0,10.1
2019-10-24,0.3,11.8
2019-10-25,5.6,13.4
2019-10-26,0.5,13.7
2019-10-27,4.3,7.6
2019-10-28,0.0,6.4
2019-10-29,0.0,8.8
2019-10-30,0.0,9.2
2019-10-31,0.0,8.3
2019-11-01,2.3,13.1
2019-11-02,2.3,11.9
2019-11-03,4.3,9.1
2019-11-04,1.8,8.9
2019-11-05,0.3,9.6
2019-11-06,1.3,7.0
2019-11-07,9.1,7.6
2019-11-08,0.0,4.8
2019-11-09,0.3,4.7
2019-11-10,12.2,7.5
2019-11-11,2.5,7.2
2019-11-12,0.0,6.4
2019-11-13,1.8,6.1
2019-11-14,17.3,5.9
2019-11-15,0.0,6.2
2019-11-16,1.8,6.2
2019-11-17,0.0,5.4
2019-11-18,0.0,6.4
2019-11-19,0.0,2.4
2019-11-20,0.0,4.8
2019-11-21,0.0,4.6
2019-11-22,4.1,7.8
2019-11-23,1.3,9.3
2019-11-24,3.3,9.4
2019-11-25,0.3,10.4
2019-11-26,1.8,11.4
2019-11-27,4.8,10.2
2019-11-28,3.6,8.8
2019-11-29,2.0,4.9
2019-11-30,0.0,3.5
2019-12-01,0.3,3.9
2019-12-02,0.0,2.8
2019-12-03,0.3,5.0
2019-12-04,0.0,3.8
2019-12-05,0.0,4.6
2019-12-06,1.5,11.1
2019-12-07,2.8,9.6
2019-12-08,2.0,9.4
2019-12-09,0.0,7.6
2019-12-10,0.0,6.9
2019-12-11,3.6,5.4
2019-12-12,0.0,5.4
2019-12-13,11.2,7.1
2019-12-14,2.0,6.4
2019-12-15,10.9,7.4
2019-12-16,8.4,7.2
2019-12-17,3.0,6.7
2019-12-18,2.8,6.5
2019-12-19,8.9,11.7
2019-12-20,10.9,8.2
2019-12-21,8.4,8.2
2019-12-22,8.6,8.1
2019-12-23,0.3,8.3
2019-12-24,1.3,9.4
2019-12-25,0.3,5.3
2019-12-26,0.3,7.0
2019-12-27,2.5,7.3
2019-12-28,0.0,8.0
2019-12-29,0.0,7.3
2019-12-30,0.0,6.5
2019-12-31,0.0,7.3